station_id,label,parameter,unit_name,qualifier
E7050,rainfall-tipping_bucket_raingauge-t-15_min-mm,rainfall,mm,Tipping Bucket Raingauge
4163,rainfall-tipping_bucket_raingauge-t-15_min-mm,rainfall,mm,Tipping Bucket Raingauge
0890TH,rainfall-tipping_bucket_raingauge-t-15_min-mm,rainfall,mm,Tipping Bucket Raingauge
E1310,rainfall-tipping_bucket_raingauge-t-15_min-mm,rainfall,mm,Tipping Bucket Raingauge
3680,rainfall-tipping_bucket_raingauge-t-15_min-mm,rainfall,mm,Tipping Bucket Raingauge
3275,rainfall-tipping_bucket_raingauge-t-15_min-mm,rainfall,mm,Tipping Bucket Raingauge
3167,rainfall-tipping_bucket_raingauge-t-15_min-mm,rainfall,mm,Tipping Bucket Raingauge
3307,rainfall-tipping_bucket_raingauge-t-15_min-mm,rainfall,mm,Tipping Bucket Raingauge
3404,rainfall-tipping_bucket_raingauge-t-15_min-mm,rainfall,mm,Tipping Bucket Raingauge
3014,rainfall-tipping_bucket_raingauge-t-15_min-mm,rainfall,mm,Tipping Bucket Raingauge
3901,rainfall-tipping_bucket_raingauge-t-15_min-mm,rainfall,mm,Tipping Bucket Raingauge
3999,rainfall-tipping_bucket_raingauge-t-15_min-mm,rainfall,mm,Tipping Bucket Raingauge
E6380,rainfall-tipping_bucket_raingauge-t-15_min-mm,rainfall,mm,Tipping Bucket Raingauge
1412,rainfall-tipping_bucket_raingauge-t-15_min-mm,rainfall,mm,Tipping Bucket Raingauge
Not_Specified,rainfall-1-t-15_min-mm,rainfall,mm,1
Not_Specified,rainfall-2-t-15_min-mm,rainfall,mm,2
0,rainfall-tipping_bucket_raingauge-t-15_min-mm,rainfall,mm,Tipping Bucket Raingauge
E13600,rainfall-tipping_bucket_raingauge-t-15_min-mm,rainfall,mm,Tipping Bucket Raingauge
242534TP,rainfall-tipping_bucket_raingauge-t-15_min-mm,rainfall,mm,Tipping Bucket Raingauge
E8520,rainfall-tipping_bucket_raingauge-t-15_min-mm,rainfall,mm,Tipping Bucket Raingauge
276316TP,rainfall-tipping_bucket_raingauge-t-15_min-mm,rainfall,mm,Tipping Bucket Raingauge
E10130,rainfall-tipping_bucket_raingauge-t-15_min-mm,rainfall,mm,Tipping Bucket Raingauge
E24238,rainfall-tipping_bucket_raingauge-t-15_min-mm,rainfall,mm,Tipping Bucket Raingauge
E10510,rainfall-tipping_bucket_raingauge-t-15_min-mm,rainfall,mm,Tipping Bucket Raingauge
000181TP,rainfall-tipping_bucket_raingauge-t-15_min-mm,rainfall,mm,Tipping Bucket Raingauge
238605TP,rainfall-tipping_bucket_raingauge-t-15_min-mm,rainfall,mm,Tipping Bucket Raingauge
52210,rainfall-tipping_bucket_raingauge-t-15_min-mm,rainfall,mm,Tipping Bucket Raingauge
47161,rainfall-tipping_bucket_raingauge-t-15_min-mm,rainfall,mm,Tipping Bucket Raingauge
E1039,rainfall-tipping_bucket_raingauge-t-15_min-mm,rainfall,mm,Tipping Bucket Raingauge
E8770,rainfall-tipping_bucket_raingauge-t-15_min-mm,rainfall,mm,Tipping Bucket Raingauge
244569TP,rainfall-tipping_bucket_raingauge-t-15_min-mm,rainfall,mm,Tipping Bucket Raingauge
595273,rainfall-tipping_bucket_raingauge-t-15_min-mm,rainfall,mm,Tipping Bucket Raingauge
46104,rainfall-tipping_bucket_raingauge-t-15_min-mm,rainfall,mm,Tipping Bucket Raingauge
077066,rainfall-tipping_bucket_raingauge-t-15_min-mm,rainfall,mm,Tipping Bucket Raingauge
E24195,rainfall-tipping_bucket_raingauge-t-15_min-mm,rainfall,mm,Tipping Bucket Raingauge
000900,rainfall-tipping_bucket_raingauge-t-15_min-mm,rainfall,mm,Tipping Bucket Raingauge
000900,rainfall-tipping_bucket_raingauge-i-15_min-mm,rainfall,mm,Tipping Bucket Raingauge
038179,rainfall-tipping_bucket_raingauge-t-15_min-mm,rainfall,mm,Tipping Bucket Raingauge
038179,rainfall-tipping_bucket_raingauge-i-15_min-mm,rainfall,mm,Tipping Bucket Raingauge
242819TP,rainfall-tipping_bucket_raingauge-t-15_min-mm,rainfall,mm,Tipping Bucket Raingauge
1113,rainfall-tipping_bucket_raingauge-t-15_min-mm,rainfall,mm,Tipping Bucket Raingauge
43202,rainfall-tipping_bucket_raingauge-t-15_min-mm,rainfall,mm,Tipping Bucket Raingauge
48148,rainfall-tipping_bucket_raingauge-t-15_min-mm,rainfall,mm,Tipping Bucket Raingauge
037292,rainfall-tipping_bucket_raingauge-t-15_min-mm,rainfall,mm,Tipping Bucket Raingauge
086575,rainfall-tipping_bucket_raingauge-t-15_min-mm,rainfall,mm,Tipping Bucket Raingauge
E1179,rainfall-tipping_bucket_raingauge-t-15_min-mm,rainfall,mm,Tipping Bucket Raingauge
E4753,rainfall-tipping_bucket_raingauge-t-15_min-mm,rainfall,mm,Tipping Bucket Raingauge
E24847,rainfall-tipping_bucket_raingauge-t-15_min-mm,rainfall,mm,Tipping Bucket Raingauge
3173,rainfall-tipping_bucket_raingauge-t-15_min-mm,rainfall,mm,Tipping Bucket Raingauge
082732,rainfall-tipping_bucket_raingauge-t-15_min-mm,rainfall,mm,Tipping Bucket Raingauge
082732,rainfall-tipping_bucket_raingauge-i-15_min-mm,rainfall,mm,Tipping Bucket Raingauge
E4500,rainfall-tipping_bucket_raingauge-t-15_min-mm,rainfall,mm,Tipping Bucket Raingauge
VCHURCH-T_TG_341,rainfall-tipping_bucket_raingauge-t-15_min-mm,rainfall,mm,Tipping Bucket Raingauge
VCHURCH-T_TG_341,rainfall-tipping_bucket_raingauge-Event-Unspecified-mm,rainfall,mm,Tipping Bucket Raingauge
52100,rainfall-tipping_bucket_raingauge-t-15_min-mm,rainfall,mm,Tipping Bucket Raingauge
E46612,rainfall-tipping_bucket_raingauge-t-15_min-mm,rainfall,mm,Tipping Bucket Raingauge
040752,rainfall-tipping_bucket_raingauge-t-15_min-mm,rainfall,mm,Tipping Bucket Raingauge
040752,rainfall-tipping_bucket_raingauge-i-15_min-mm,rainfall,mm,Tipping Bucket Raingauge
267661TP,rainfall-tipping_bucket_raingauge-t-15_min-mm,rainfall,mm,Tipping Bucket Raingauge
074108,rainfall-tipping_bucket_raingauge-t-15_min-mm,rainfall,mm,Tipping Bucket Raingauge
241961TP,rainfall-tipping_bucket_raingauge-t-15_min-mm,rainfall,mm,Tipping Bucket Raingauge
1117,rainfall-tipping_bucket_raingauge-t-15_min-mm,rainfall,mm,Tipping Bucket Raingauge
45232,rainfall-tipping_bucket_raingauge-t-15_min-mm,rainfall,mm,Tipping Bucket Raingauge
48199,rainfall-tipping_bucket_raingauge-t-15_min-mm,rainfall,mm,Tipping Bucket Raingauge
E7055,rainfall-tipping_bucket_raingauge-t-15_min-mm,rainfall,mm,Tipping Bucket Raingauge
E7045,rainfall-tipping_bucket_raingauge-t-15_min-mm,rainfall,mm,Tipping Bucket Raingauge
44200,rainfall-tipping_bucket_raingauge-t-15_min-mm,rainfall,mm,Tipping Bucket Raingauge
058461,rainfall-tipping_bucket_raingauge-t-15_min-mm,rainfall,mm,Tipping Bucket Raingauge
058461,rainfall-tipping_bucket_raingauge-i-15_min-mm,rainfall,mm,Tipping Bucket Raingauge
E4530,rainfall-tipping_bucket_raingauge-t-15_min-mm,rainfall,mm,Tipping Bucket Raingauge
1339,rainfall-tipping_bucket_raingauge-t-15_min-mm,rainfall,mm,Tipping Bucket Raingauge
564769,rainfall-tipping_bucket_raingauge-t-15_min-mm,rainfall,mm,Tipping Bucket Raingauge
564769,rainfall-tipping_bucket_raingauge-t-15_min----,rainfall,---,Tipping Bucket Raingauge
43228,rainfall-tipping_bucket_raingauge-t-15_min-mm,rainfall,mm,Tipping Bucket Raingauge
E22255,rainfall-tipping_bucket_raingauge-t-15_min-mm,rainfall,mm,Tipping Bucket Raingauge
E23717,rainfall-tipping_bucket_raingauge-t-15_min-mm,rainfall,mm,Tipping Bucket Raingauge
921083,rainfall-tipping_bucket_raingauge-t-15_min-mm,rainfall,mm,Tipping Bucket Raingauge
47101,rainfall-tipping_bucket_raingauge-t-15_min-mm,rainfall,mm,Tipping Bucket Raingauge
300874,rainfall-tipping_bucket_raingauge-t-15_min-mm,rainfall,mm,Tipping Bucket Raingauge
3602,rainfall-tipping_bucket_raingauge-t-15_min-mm,rainfall,mm,Tipping Bucket Raingauge
49171,rainfall-tipping_bucket_raingauge-t-15_min-mm,rainfall,mm,Tipping Bucket Raingauge
45101,rainfall-tipping_bucket_raingauge-t-15_min-mm,rainfall,mm,Tipping Bucket Raingauge
E9340,rainfall-tipping_bucket_raingauge-t-15_min-mm,rainfall,mm,Tipping Bucket Raingauge
E45871,rainfall-tipping_bucket_raingauge-t-15_min-mm,rainfall,mm,Tipping Bucket Raingauge
43102,rainfall-tipping_bucket_raingauge-t-15_min-mm,rainfall,mm,Tipping Bucket Raingauge
3015,rainfall-tipping_bucket_raingauge-t-15_min-mm,rainfall,mm,Tipping Bucket Raingauge
47167,rainfall-tipping_bucket_raingauge-t-15_min-mm,rainfall,mm,Tipping Bucket Raingauge
277407TP,rainfall-tipping_bucket_raingauge-t-15_min-mm,rainfall,mm,Tipping Bucket Raingauge
E1815,rainfall-tipping_bucket_raingauge-t-15_min-mm,rainfall,mm,Tipping Bucket Raingauge
270400TP,rainfall-tipping_bucket_raingauge-t-15_min-mm,rainfall,mm,Tipping Bucket Raingauge
E44121,rainfall-tipping_bucket_raingauge-t-15_min-mm,rainfall,mm,Tipping Bucket Raingauge
47105,rainfall-tipping_bucket_raingauge-t-15_min-mm,rainfall,mm,Tipping Bucket Raingauge
E44111,rainfall-tipping_bucket_raingauge-t-15_min-mm,rainfall,mm,Tipping Bucket Raingauge
E24289,rainfall-tipping_bucket_raingauge-t-15_min-mm,rainfall,mm,Tipping Bucket Raingauge
49149,rainfall-tipping_bucket_raingauge-t-15_min-mm,rainfall,mm,Tipping Bucket Raingauge
E871,rainfall-tipping_bucket_raingauge-t-15_min-mm,rainfall,mm,Tipping Bucket Raingauge
1201,rainfall-tipping_bucket_raingauge-t-15_min-mm,rainfall,mm,Tipping Bucket Raingauge
E7155,rainfall-tipping_bucket_raingauge-t-15_min-mm,rainfall,mm,Tipping Bucket Raingauge
E12560,rainfall-tipping_bucket_raingauge-t-15_min-mm,rainfall,mm,Tipping Bucket Raingauge
082672,rainfall-tipping_bucket_raingauge-t-15_min-mm,rainfall,mm,Tipping Bucket Raingauge
52224,rainfall-tipping_bucket_raingauge-t-15_min-mm,rainfall,mm,Tipping Bucket Raingauge
E24935,rainfall-tipping_bucket_raingauge-t-15_min-mm,rainfall,mm,Tipping Bucket Raingauge
E45881,rainfall-tipping_bucket_raingauge-t-15_min-mm,rainfall,mm,Tipping Bucket Raingauge
51127,rainfall-tipping_bucket_raingauge-t-15_min-mm,rainfall,mm,Tipping Bucket Raingauge
1814,rainfall-tipping_bucket_raingauge-t-15_min-mm,rainfall,mm,Tipping Bucket Raingauge
264845TP,rainfall-tipping_bucket_raingauge-t-15_min-mm,rainfall,mm,Tipping Bucket Raingauge
264845TP,rainfall-water-t-15_min-mm,rainfall,mm,Water
063518,rainfall-tipping_bucket_raingauge-t-15_min-mm,rainfall,mm,Tipping Bucket Raingauge
48100,rainfall-tipping_bucket_raingauge-t-15_min-mm,rainfall,mm,Tipping Bucket Raingauge
282781TP,rainfall-tipping_bucket_raingauge-t-15_min-mm,rainfall,mm,Tipping Bucket Raingauge
E1971,rainfall-tipping_bucket_raingauge-t-15_min-mm,rainfall,mm,Tipping Bucket Raingauge
274918TP,rainfall-tipping_bucket_raingauge-t-15_min-mm,rainfall,mm,Tipping Bucket Raingauge
531178,rainfall-tipping_bucket_raingauge-t-15_min-mm,rainfall,mm,Tipping Bucket Raingauge
52228,rainfall-tipping_bucket_raingauge-t-15_min-mm,rainfall,mm,Tipping Bucket Raingauge
48106,rainfall-tipping_bucket_raingauge-t-15_min-mm,rainfall,mm,Tipping Bucket Raingauge
48192,rainfall-tipping_bucket_raingauge-t-15_min-mm,rainfall,mm,Tipping Bucket Raingauge
1331,rainfall-tipping_bucket_raingauge-t-15_min-mm,rainfall,mm,Tipping Bucket Raingauge
055223,rainfall-tipping_bucket_raingauge-t-15_min-mm,rainfall,mm,Tipping Bucket Raingauge
551706,rainfall-tipping_bucket_raingauge-t-15_min-mm,rainfall,mm,Tipping Bucket Raingauge
45230,rainfall-tipping_bucket_raingauge-t-15_min-mm,rainfall,mm,Tipping Bucket Raingauge
3687,rainfall-tipping_bucket_raingauge-t-15_min-mm,rainfall,mm,Tipping Bucket Raingauge
051250,rainfall-tipping_bucket_raingauge-t-15_min-mm,rainfall,mm,Tipping Bucket Raingauge
3165,rainfall-tipping_bucket_raingauge-t-15_min-mm,rainfall,mm,Tipping Bucket Raingauge
260221TP,rainfall-tipping_bucket_raingauge-t-15_min-mm,rainfall,mm,Tipping Bucket Raingauge
E15720,rainfall-tipping_bucket_raingauge-t-15_min-mm,rainfall,mm,Tipping Bucket Raingauge
E15720,rainfall-water-t-15_min-mm,rainfall,mm,Water
52102,rainfall-tipping_bucket_raingauge-t-15_min-mm,rainfall,mm,Tipping Bucket Raingauge
074329,rainfall-tipping_bucket_raingauge-t-15_min-mm,rainfall,mm,Tipping Bucket Raingauge
E15520,rainfall-tipping_bucket_raingauge-t-15_min-mm,rainfall,mm,Tipping Bucket Raingauge
E15520,rainfall-water-t-15_min-mm,rainfall,mm,Water
E1965,rainfall-tipping_bucket_raingauge-t-15_min-mm,rainfall,mm,Tipping Bucket Raingauge
E15510,rainfall-tipping_bucket_raingauge-t-15_min-mm,rainfall,mm,Tipping Bucket Raingauge
598928,rainfall-tipping_bucket_raingauge-t-15_min-mm,rainfall,mm,Tipping Bucket Raingauge
43200,rainfall-tipping_bucket_raingauge-t-15_min-mm,rainfall,mm,Tipping Bucket Raingauge
1712,rainfall-tipping_bucket_raingauge-t-15_min-mm,rainfall,mm,Tipping Bucket Raingauge
287283TP,rainfall-tipping_bucket_raingauge-t-15_min-mm,rainfall,mm,Tipping Bucket Raingauge
3782,rainfall-tipping_bucket_raingauge-t-15_min-mm,rainfall,mm,Tipping Bucket Raingauge
3588,rainfall-tipping_bucket_raingauge-t-15_min-mm,rainfall,mm,Tipping Bucket Raingauge
551440,rainfall-tipping_bucket_raingauge-t-15_min-mm,rainfall,mm,Tipping Bucket Raingauge
564154,rainfall-tipping_bucket_raingauge-t-15_min-mm,rainfall,mm,Tipping Bucket Raingauge
3572,rainfall-tipping_bucket_raingauge-t-15_min-mm,rainfall,mm,Tipping Bucket Raingauge
251530TP,rainfall-tipping_bucket_raingauge-t-15_min-mm,rainfall,mm,Tipping Bucket Raingauge
E10450,rainfall-tipping_bucket_raingauge-t-15_min-mm,rainfall,mm,Tipping Bucket Raingauge
E3240,rainfall-tipping_bucket_raingauge-t-15_min-mm,rainfall,mm,Tipping Bucket Raingauge
591642,rainfall-tipping_bucket_raingauge-t-15_min-mm,rainfall,mm,Tipping Bucket Raingauge
E7295,rainfall-tipping_bucket_raingauge-t-15_min-mm,rainfall,mm,Tipping Bucket Raingauge
49102,rainfall-tipping_bucket_raingauge-t-15_min-mm,rainfall,mm,Tipping Bucket Raingauge
E1613,rainfall-tipping_bucket_raingauge-t-15_min-mm,rainfall,mm,Tipping Bucket Raingauge
E7095,rainfall-tipping_bucket_raingauge-t-15_min-mm,rainfall,mm,Tipping Bucket Raingauge
E24874,rainfall-tipping_bucket_raingauge-t-15_min-mm,rainfall,mm,Tipping Bucket Raingauge
268851TP,rainfall-tipping_bucket_raingauge-t-15_min-mm,rainfall,mm,Tipping Bucket Raingauge
247281TP,rainfall-tipping_bucket_raingauge-t-15_min-mm,rainfall,mm,Tipping Bucket Raingauge
006403,rainfall-tipping_bucket_raingauge-t-15_min-mm,rainfall,mm,Tipping Bucket Raingauge
1773,rainfall-tipping_bucket_raingauge-t-15_min-mm,rainfall,mm,Tipping Bucket Raingauge
008850,rainfall-tipping_bucket_raingauge-t-15_min-mm,rainfall,mm,Tipping Bucket Raingauge
013045,rainfall-tipping_bucket_raingauge-t-15_min-mm,rainfall,mm,Tipping Bucket Raingauge
013045,rainfall-tipping_bucket_raingauge-i-15_min-mm,rainfall,mm,Tipping Bucket Raingauge
E14930,rainfall-tipping_bucket_raingauge-t-15_min-mm,rainfall,mm,Tipping Bucket Raingauge
1748,rainfall-tipping_bucket_raingauge-t-15_min-mm,rainfall,mm,Tipping Bucket Raingauge
035302,rainfall-tipping_bucket_raingauge-t-15_min-mm,rainfall,mm,Tipping Bucket Raingauge
035302,rainfall-tipping_bucket_raingauge-i-15_min-mm,rainfall,mm,Tipping Bucket Raingauge
E11120,rainfall-tipping_bucket_raingauge-t-15_min-mm,rainfall,mm,Tipping Bucket Raingauge
1387,rainfall-tipping_bucket_raingauge-t-15_min-mm,rainfall,mm,Tipping Bucket Raingauge
077952,rainfall-tipping_bucket_raingauge-t-15_min-mm,rainfall,mm,Tipping Bucket Raingauge
3998,rainfall-tipping_bucket_raingauge-t-15_min-mm,rainfall,mm,Tipping Bucket Raingauge
E24894,rainfall-tipping_bucket_raingauge-t-15_min-mm,rainfall,mm,Tipping Bucket Raingauge
554472,rainfall-tipping_bucket_raingauge-t-15_min-mm,rainfall,mm,Tipping Bucket Raingauge
026297,rainfall-tipping_bucket_raingauge-t-15_min-mm,rainfall,mm,Tipping Bucket Raingauge
591878,rainfall-tipping_bucket_raingauge-t-15_min-mm,rainfall,mm,Tipping Bucket Raingauge
1812,rainfall-tipping_bucket_raingauge-t-15_min-mm,rainfall,mm,Tipping Bucket Raingauge
552376,rainfall-tipping_bucket_raingauge-t-15_min-mm,rainfall,mm,Tipping Bucket Raingauge
077800,rainfall-tipping_bucket_raingauge-t-15_min-mm,rainfall,mm,Tipping Bucket Raingauge
013336,rainfall-tipping_bucket_raingauge-t-15_min-mm,rainfall,mm,Tipping Bucket Raingauge
013336,rainfall-tipping_bucket_raingauge-i-15_min-mm,rainfall,mm,Tipping Bucket Raingauge
47113,rainfall-tipping_bucket_raingauge-t-15_min-mm,rainfall,mm,Tipping Bucket Raingauge
45108,rainfall-tipping_bucket_raingauge-t-15_min-mm,rainfall,mm,Tipping Bucket Raingauge
E6270,rainfall-tipping_bucket_raingauge-t-15_min-mm,rainfall,mm,Tipping Bucket Raingauge
3610,rainfall-tipping_bucket_raingauge-t-15_min-mm,rainfall,mm,Tipping Bucket Raingauge
E11060,rainfall-tipping_bucket_raingauge-t-15_min-mm,rainfall,mm,Tipping Bucket Raingauge
E24763,rainfall-tipping_bucket_raingauge-t-15_min-mm,rainfall,mm,Tipping Bucket Raingauge
583948,rainfall-tipping_bucket_raingauge-t-15_min-mm,rainfall,mm,Tipping Bucket Raingauge
47168,rainfall-tipping_bucket_raingauge-t-15_min-mm,rainfall,mm,Tipping Bucket Raingauge
47158,rainfall-tipping_bucket_raingauge-t-15_min-mm,rainfall,mm,Tipping Bucket Raingauge
51125,rainfall-tipping_bucket_raingauge-t-15_min-mm,rainfall,mm,Tipping Bucket Raingauge
E7780,rainfall-tipping_bucket_raingauge-t-15_min-mm,rainfall,mm,Tipping Bucket Raingauge
43104,rainfall-tipping_bucket_raingauge-t-15_min-mm,rainfall,mm,Tipping Bucket Raingauge
248332TP,rainfall-tipping_bucket_raingauge-t-15_min-mm,rainfall,mm,Tipping Bucket Raingauge
3816,rainfall-tipping_bucket_raingauge-t-15_min-mm,rainfall,mm,Tipping Bucket Raingauge
031555,rainfall-tipping_bucket_raingauge-t-15_min-mm,rainfall,mm,Tipping Bucket Raingauge
E1320,rainfall-tipping_bucket_raingauge-t-15_min-mm,rainfall,mm,Tipping Bucket Raingauge
46100,rainfall-tipping_bucket_raingauge-t-15_min-mm,rainfall,mm,Tipping Bucket Raingauge
3686,rainfall-tipping_bucket_raingauge-t-15_min-mm,rainfall,mm,Tipping Bucket Raingauge
553564,rainfall-tipping_bucket_raingauge-t-15_min-mm,rainfall,mm,Tipping Bucket Raingauge
553564,rainfall-tipping_bucket_raingauge-t-15_min----,rainfall,---,Tipping Bucket Raingauge
45164,rainfall-tipping_bucket_raingauge-t-15_min-mm,rainfall,mm,Tipping Bucket Raingauge
53159,rainfall-tipping_bucket_raingauge-t-15_min-mm,rainfall,mm,Tipping Bucket Raingauge
057426,rainfall-tipping_bucket_raingauge-t-15_min-mm,rainfall,mm,Tipping Bucket Raingauge
E2493,rainfall-tipping_bucket_raingauge-t-15_min-mm,rainfall,mm,Tipping Bucket Raingauge
239374TP,rainfall-tipping_bucket_raingauge-t-15_min-mm,rainfall,mm,Tipping Bucket Raingauge
3099,rainfall-tipping_bucket_raingauge-t-15_min-mm,rainfall,mm,Tipping Bucket Raingauge
077836,rainfall-tipping_bucket_raingauge-t-15_min-mm,rainfall,mm,Tipping Bucket Raingauge
078530,rainfall-tipping_bucket_raingauge-t-15_min-mm,rainfall,mm,Tipping Bucket Raingauge
600683,rainfall-tipping_bucket_raingauge-t-15_min-mm,rainfall,mm,Tipping Bucket Raingauge
E11480,rainfall-tipping_bucket_raingauge-t-15_min-mm,rainfall,mm,Tipping Bucket Raingauge
074924,rainfall-tipping_bucket_raingauge-t-15_min-mm,rainfall,mm,Tipping Bucket Raingauge
E11470,rainfall-tipping_bucket_raingauge-t-15_min-mm,rainfall,mm,Tipping Bucket Raingauge
000008,rainfall-tipping_bucket_raingauge-t-15_min-mm,rainfall,mm,Tipping Bucket Raingauge
000008,rainfall-tipping_bucket_raingauge-i-15_min-mm,rainfall,mm,Tipping Bucket Raingauge
E21018,rainfall-tipping_bucket_raingauge-t-15_min-mm,rainfall,mm,Tipping Bucket Raingauge
48180,rainfall-tipping_bucket_raingauge-t-15_min-mm,rainfall,mm,Tipping Bucket Raingauge
570099,rainfall-tipping_bucket_raingauge-t-15_min-mm,rainfall,mm,Tipping Bucket Raingauge
E5640,rainfall-tipping_bucket_raingauge-t-15_min-mm,rainfall,mm,Tipping Bucket Raingauge
E24863,rainfall-tipping_bucket_raingauge-t-15_min-mm,rainfall,mm,Tipping Bucket Raingauge
254829TP,rainfall-tipping_bucket_raingauge-t-15_min-mm,rainfall,mm,Tipping Bucket Raingauge
3580,rainfall-tipping_bucket_raingauge-t-15_min-mm,rainfall,mm,Tipping Bucket Raingauge
E27594,rainfall-tipping_bucket_raingauge-t-15_min-mm,rainfall,mm,Tipping Bucket Raingauge
50112,rainfall-tipping_bucket_raingauge-t-15_min-mm,rainfall,mm,Tipping Bucket Raingauge
564595,rainfall-tipping_bucket_raingauge-t-15_min-mm,rainfall,mm,Tipping Bucket Raingauge
049902,rainfall-tipping_bucket_raingauge-t-15_min-mm,rainfall,mm,Tipping Bucket Raingauge
E1290,rainfall-tipping_bucket_raingauge-t-15_min-mm,rainfall,mm,Tipping Bucket Raingauge
3570,rainfall-tipping_bucket_raingauge-t-15_min-mm,rainfall,mm,Tipping Bucket Raingauge
1792,rainfall-tipping_bucket_raingauge-t-15_min-mm,rainfall,mm,Tipping Bucket Raingauge
008632,rainfall-tipping_bucket_raingauge-t-15_min-mm,rainfall,mm,Tipping Bucket Raingauge
E14893,rainfall-tipping_bucket_raingauge-t-15_min-mm,rainfall,mm,Tipping Bucket Raingauge
E4510,rainfall-tipping_bucket_raingauge-t-15_min-mm,rainfall,mm,Tipping Bucket Raingauge
E4520,rainfall-tipping_bucket_raingauge-t-15_min-mm,rainfall,mm,Tipping Bucket Raingauge
005782,rainfall-tipping_bucket_raingauge-t-15_min-mm,rainfall,mm,Tipping Bucket Raingauge
E41311,rainfall-tipping_bucket_raingauge-t-15_min-mm,rainfall,mm,Tipping Bucket Raingauge
E2331,rainfall-tipping_bucket_raingauge-t-15_min-mm,rainfall,mm,Tipping Bucket Raingauge
920359,rainfall-tipping_bucket_raingauge-t-15_min-mm,rainfall,mm,Tipping Bucket Raingauge
1119,rainfall-tipping_bucket_raingauge-t-15_min-mm,rainfall,mm,Tipping Bucket Raingauge
030377,rainfall-tipping_bucket_raingauge-t-15_min-mm,rainfall,mm,Tipping Bucket Raingauge
E27601,rainfall-tipping_bucket_raingauge-t-15_min-mm,rainfall,mm,Tipping Bucket Raingauge
3179,rainfall-tipping_bucket_raingauge-t-15_min-mm,rainfall,mm,Tipping Bucket Raingauge
49151,rainfall-tipping_bucket_raingauge-t-15_min-mm,rainfall,mm,Tipping Bucket Raingauge
238777TP,rainfall-tipping_bucket_raingauge-t-15_min-mm,rainfall,mm,Tipping Bucket Raingauge
083534,rainfall-tipping_bucket_raingauge-t-15_min-mm,rainfall,mm,Tipping Bucket Raingauge
3996,rainfall-tipping_bucket_raingauge-t-15_min-mm,rainfall,mm,Tipping Bucket Raingauge
47157,rainfall-tipping_bucket_raingauge-t-15_min-mm,rainfall,mm,Tipping Bucket Raingauge
559586,rainfall-tipping_bucket_raingauge-t-15_min-mm,rainfall,mm,Tipping Bucket Raingauge
E25041,rainfall-tipping_bucket_raingauge-t-15_min-mm,rainfall,mm,Tipping Bucket Raingauge
037973,rainfall-tipping_bucket_raingauge-t-15_min-mm,rainfall,mm,Tipping Bucket Raingauge
E9360,rainfall-tipping_bucket_raingauge-t-15_min-mm,rainfall,mm,Tipping Bucket Raingauge
E9350,rainfall-tipping_bucket_raingauge-t-15_min-mm,rainfall,mm,Tipping Bucket Raingauge
248965TP,rainfall-tipping_bucket_raingauge-t-15_min-mm,rainfall,mm,Tipping Bucket Raingauge
3860,rainfall-tipping_bucket_raingauge-t-15_min-mm,rainfall,mm,Tipping Bucket Raingauge
000032,rainfall-tipping_bucket_raingauge-t-15_min-mm,rainfall,mm,Tipping Bucket Raingauge
587552,rainfall-tipping_bucket_raingauge-t-15_min-mm,rainfall,mm,Tipping Bucket Raingauge
587552,rainfall-tipping_bucket_raingauge-t-15_min----,rainfall,---,Tipping Bucket Raingauge
E7135,rainfall-tipping_bucket_raingauge-t-15_min-mm,rainfall,mm,Tipping Bucket Raingauge
E2420,rainfall-tipping_bucket_raingauge-t-15_min-mm,rainfall,mm,Tipping Bucket Raingauge
E11820,rainfall-tipping_bucket_raingauge-t-15_min-mm,rainfall,mm,Tipping Bucket Raingauge
062046,rainfall-tipping_bucket_raingauge-t-15_min-mm,rainfall,mm,Tipping Bucket Raingauge
44215,rainfall-tipping_bucket_raingauge-t-15_min-mm,rainfall,mm,Tipping Bucket Raingauge
E24925,rainfall-tipping_bucket_raingauge-t-15_min-mm,rainfall,mm,Tipping Bucket Raingauge
3057,rainfall-tipping_bucket_raingauge-t-15_min-mm,rainfall,mm,Tipping Bucket Raingauge
E23633,rainfall-tipping_bucket_raingauge-t-15_min-mm,rainfall,mm,Tipping Bucket Raingauge
1413,rainfall-tipping_bucket_raingauge-t-15_min-mm,rainfall,mm,Tipping Bucket Raingauge
559100R,rainfall-tipping_bucket_raingauge-t-15_min-mm,rainfall,mm,Tipping Bucket Raingauge
559100R,rainfall-tipping_bucket_raingauge-t-15_min----,rainfall,---,Tipping Bucket Raingauge
531172,rainfall-tipping_bucket_raingauge-t-15_min-mm,rainfall,mm,Tipping Bucket Raingauge
E2416,rainfall-tipping_bucket_raingauge-t-15_min-mm,rainfall,mm,Tipping Bucket Raingauge
E24957,rainfall-tipping_bucket_raingauge-t-15_min-mm,rainfall,mm,Tipping Bucket Raingauge
E24947,rainfall-tipping_bucket_raingauge-t-15_min-mm,rainfall,mm,Tipping Bucket Raingauge
261602TP,rainfall-tipping_bucket_raingauge-t-15_min-mm,rainfall,mm,Tipping Bucket Raingauge
261602TP,rainfall-water-t-15_min-mm,rainfall,mm,Water
E24790,rainfall-tipping_bucket_raingauge-t-15_min-mm,rainfall,mm,Tipping Bucket Raingauge
E7165,rainfall-tipping_bucket_raingauge-t-15_min-mm,rainfall,mm,Tipping Bucket Raingauge
53115,rainfall-tipping_bucket_raingauge-t-15_min-mm,rainfall,mm,Tipping Bucket Raingauge
E9290,rainfall-tipping_bucket_raingauge-t-15_min-mm,rainfall,mm,Tipping Bucket Raingauge
48182,rainfall-tipping_bucket_raingauge-t-15_min-mm,rainfall,mm,Tipping Bucket Raingauge
570231,rainfall-tipping_bucket_raingauge-t-15_min-mm,rainfall,mm,Tipping Bucket Raingauge
1082,rainfall-tipping_bucket_raingauge-t-15_min-mm,rainfall,mm,Tipping Bucket Raingauge
1121,rainfall-tipping_bucket_raingauge-t-15_min-mm,rainfall,mm,Tipping Bucket Raingauge
261021TP,rainfall-tipping_bucket_raingauge-t-15_min-mm,rainfall,mm,Tipping Bucket Raingauge
1770,rainfall-tipping_bucket_raingauge-t-15_min-mm,rainfall,mm,Tipping Bucket Raingauge
602253,rainfall-tipping_bucket_raingauge-t-15_min-mm,rainfall,mm,Tipping Bucket Raingauge
288504TP,rainfall-tipping_bucket_raingauge-t-15_min-mm,rainfall,mm,Tipping Bucket Raingauge
269627TP,rainfall-tipping_bucket_raingauge-t-15_min-mm,rainfall,mm,Tipping Bucket Raingauge
596791,rainfall-tipping_bucket_raingauge-t-15_min-mm,rainfall,mm,Tipping Bucket Raingauge
259110TP,rainfall-tipping_bucket_raingauge-t-15_min-mm,rainfall,mm,Tipping Bucket Raingauge
E15500,rainfall-tipping_bucket_raingauge-t-15_min-mm,rainfall,mm,Tipping Bucket Raingauge
564160,rainfall-tipping_bucket_raingauge-t-15_min-mm,rainfall,mm,Tipping Bucket Raingauge
1760,rainfall-tipping_bucket_raingauge-t-15_min-mm,rainfall,mm,Tipping Bucket Raingauge
E7420,rainfall-tipping_bucket_raingauge-t-15_min-mm,rainfall,mm,Tipping Bucket Raingauge
569848,rainfall-tipping_bucket_raingauge-t-15_min-mm,rainfall,mm,Tipping Bucket Raingauge
E5451,rainfall-tipping_bucket_raingauge-t-15_min-mm,rainfall,mm,Tipping Bucket Raingauge
E13980,rainfall-tipping_bucket_raingauge-t-15_min-mm,rainfall,mm,Tipping Bucket Raingauge
003232,rainfall-tipping_bucket_raingauge-t-15_min-mm,rainfall,mm,Tipping Bucket Raingauge
003232,rainfall-tipping_bucket_raingauge-i-15_min-mm,rainfall,mm,Tipping Bucket Raingauge
2321SO,rainfall-tipping_bucket_raingauge-t-15_min-mm,rainfall,mm,Tipping Bucket Raingauge
2321SO,rainfall-water-t-15_min-mm,rainfall,mm,Water
3185,rainfall-tipping_bucket_raingauge-t-15_min-mm,rainfall,mm,Tipping Bucket Raingauge
E2510,rainfall-tipping_bucket_raingauge-t-15_min-mm,rainfall,mm,Tipping Bucket Raingauge
023839,rainfall-tipping_bucket_raingauge-t-15_min-mm,rainfall,mm,Tipping Bucket Raingauge
3774,rainfall-tipping_bucket_raingauge-t-15_min-mm,rainfall,mm,Tipping Bucket Raingauge
E23535,rainfall-tipping_bucket_raingauge-t-15_min-mm,rainfall,mm,Tipping Bucket Raingauge
239258TP,rainfall-tipping_bucket_raingauge-t-15_min-mm,rainfall,mm,Tipping Bucket Raingauge
E12821,rainfall-tipping_bucket_raingauge-t-15_min-mm,rainfall,mm,Tipping Bucket Raingauge
490001TP,rainfall-tipping_bucket_raingauge-t-15_min-mm,rainfall,mm,Tipping Bucket Raingauge
593893,rainfall-tipping_bucket_raingauge-t-15_min-mm,rainfall,mm,Tipping Bucket Raingauge
E14900,rainfall-tipping_bucket_raingauge-t-15_min-mm,rainfall,mm,Tipping Bucket Raingauge
43206,rainfall-tipping_bucket_raingauge-t-15_min-mm,rainfall,mm,Tipping Bucket Raingauge
019356,rainfall-tipping_bucket_raingauge-t-15_min-mm,rainfall,mm,Tipping Bucket Raingauge
E22283,rainfall-tipping_bucket_raingauge-t-15_min-mm,rainfall,mm,Tipping Bucket Raingauge
026644,rainfall-tipping_bucket_raingauge-t-15_min-mm,rainfall,mm,Tipping Bucket Raingauge
3778,rainfall-tipping_bucket_raingauge-t-15_min-mm,rainfall,mm,Tipping Bucket Raingauge
E24884,rainfall-tipping_bucket_raingauge-t-15_min-mm,rainfall,mm,Tipping Bucket Raingauge
1793,rainfall-tipping_bucket_raingauge-t-15_min-mm,rainfall,mm,Tipping Bucket Raingauge
53110,rainfall-tipping_bucket_raingauge-t-15_min-mm,rainfall,mm,Tipping Bucket Raingauge
53100,rainfall-tipping_bucket_raingauge-t-15_min-mm,rainfall,mm,Tipping Bucket Raingauge
E24703,rainfall-tipping_bucket_raingauge-t-15_min-mm,rainfall,mm,Tipping Bucket Raingauge
015347,rainfall-tipping_bucket_raingauge-t-15_min-mm,rainfall,mm,Tipping Bucket Raingauge
015347,rainfall-tipping_bucket_raingauge-i-15_min-mm,rainfall,mm,Tipping Bucket Raingauge
036225,rainfall-tipping_bucket_raingauge-t-15_min-mm,rainfall,mm,Tipping Bucket Raingauge
52148,rainfall-tipping_bucket_raingauge-t-15_min-mm,rainfall,mm,Tipping Bucket Raingauge
571479,rainfall-tipping_bucket_raingauge-t-15_min-mm,rainfall,mm,Tipping Bucket Raingauge
52203,rainfall-tipping_bucket_raingauge-t-15_min-mm,rainfall,mm,Tipping Bucket Raingauge
531101,rainfall-tipping_bucket_raingauge-t-15_min-mm,rainfall,mm,Tipping Bucket Raingauge
1602,rainfall-tipping_bucket_raingauge-t-15_min-mm,rainfall,mm,Tipping Bucket Raingauge
E25033,rainfall-tipping_bucket_raingauge-t-15_min-mm,rainfall,mm,Tipping Bucket Raingauge
008062,rainfall-tipping_bucket_raingauge-t-15_min-mm,rainfall,mm,Tipping Bucket Raingauge
47155,rainfall-tipping_bucket_raingauge-t-15_min-mm,rainfall,mm,Tipping Bucket Raingauge
E37241,rainfall-tipping_bucket_raingauge-t-15_min-mm,rainfall,mm,Tipping Bucket Raingauge
E37051,rainfall-tipping_bucket_raingauge-t-15_min-mm,rainfall,mm,Tipping Bucket Raingauge
249744TP,rainfall-tipping_bucket_raingauge-t-15_min-mm,rainfall,mm,Tipping Bucket Raingauge
E43041,rainfall-tipping_bucket_raingauge-t-15_min-mm,rainfall,mm,Tipping Bucket Raingauge
53114,rainfall-tipping_bucket_raingauge-t-15_min-mm,rainfall,mm,Tipping Bucket Raingauge
033108NE,rainfall-tipping_bucket_raingauge-t-15_min-mm,rainfall,mm,Tipping Bucket Raingauge
53104,rainfall-tipping_bucket_raingauge-t-15_min-mm,rainfall,mm,Tipping Bucket Raingauge
E13261,rainfall-tipping_bucket_raingauge-t-15_min-mm,rainfall,mm,Tipping Bucket Raingauge
50199,rainfall-tipping_bucket_raingauge-t-15_min-mm,rainfall,mm,Tipping Bucket Raingauge
47159,rainfall-tipping_bucket_raingauge-t-15_min-mm,rainfall,mm,Tipping Bucket Raingauge
036487,rainfall-tipping_bucket_raingauge-t-15_min-mm,rainfall,mm,Tipping Bucket Raingauge
036487,rainfall-tipping_bucket_raingauge-i-15_min-mm,rainfall,mm,Tipping Bucket Raingauge
E24913,rainfall-tipping_bucket_raingauge-t-15_min-mm,rainfall,mm,Tipping Bucket Raingauge
E11080,rainfall-tipping_bucket_raingauge-t-15_min-mm,rainfall,mm,Tipping Bucket Raingauge
592860,rainfall-tipping_bucket_raingauge-t-15_min-mm,rainfall,mm,Tipping Bucket Raingauge
586056,rainfall-tipping_bucket_raingauge-t-15_min-mm,rainfall,mm,Tipping Bucket Raingauge
3688,rainfall-tipping_bucket_raingauge-t-15_min-mm,rainfall,mm,Tipping Bucket Raingauge
53109,rainfall-tipping_bucket_raingauge-t-15_min-mm,rainfall,mm,Tipping Bucket Raingauge
E21234,rainfall-tipping_bucket_raingauge-t-15_min-mm,rainfall,mm,Tipping Bucket Raingauge
E24506,rainfall-tipping_bucket_raingauge-t-15_min-mm,rainfall,mm,Tipping Bucket Raingauge
266474TP,rainfall-tipping_bucket_raingauge-t-15_min-mm,rainfall,mm,Tipping Bucket Raingauge
48170,rainfall-tipping_bucket_raingauge-t-15_min-mm,rainfall,mm,Tipping Bucket Raingauge
E37151,rainfall-tipping_bucket_raingauge-t-15_min-mm,rainfall,mm,Tipping Bucket Raingauge
028185,rainfall-tipping_bucket_raingauge-t-15_min-mm,rainfall,mm,Tipping Bucket Raingauge
028185,rainfall-tipping_bucket_raingauge-i-15_min-mm,rainfall,mm,Tipping Bucket Raingauge
46106,rainfall-tipping_bucket_raingauge-t-15_min-mm,rainfall,mm,Tipping Bucket Raingauge
246424TP,rainfall-tipping_bucket_raingauge-t-15_min-mm,rainfall,mm,Tipping Bucket Raingauge
44101,rainfall-tipping_bucket_raingauge-t-15_min-mm,rainfall,mm,Tipping Bucket Raingauge
003066,rainfall-tipping_bucket_raingauge-t-15_min-mm,rainfall,mm,Tipping Bucket Raingauge
1687,rainfall-tipping_bucket_raingauge-t-15_min-mm,rainfall,mm,Tipping Bucket Raingauge
43204,rainfall-tipping_bucket_raingauge-t-15_min-mm,rainfall,mm,Tipping Bucket Raingauge
3766,rainfall-tipping_bucket_raingauge-t-15_min-mm,rainfall,mm,Tipping Bucket Raingauge
3576,rainfall-tipping_bucket_raingauge-t-15_min-mm,rainfall,mm,Tipping Bucket Raingauge
E5670,rainfall-tipping_bucket_raingauge-t-15_min-mm,rainfall,mm,Tipping Bucket Raingauge
281186TP,rainfall-tipping_bucket_raingauge-t-15_min-mm,rainfall,mm,Tipping Bucket Raingauge
E5660,rainfall-tipping_bucket_raingauge-t-15_min-mm,rainfall,mm,Tipping Bucket Raingauge
577805,rainfall-tipping_bucket_raingauge-t-15_min-mm,rainfall,mm,Tipping Bucket Raingauge
581159,rainfall-tipping_bucket_raingauge-t-15_min-mm,rainfall,mm,Tipping Bucket Raingauge
1335,rainfall-tipping_bucket_raingauge-t-15_min-mm,rainfall,mm,Tipping Bucket Raingauge
251556TP,rainfall-tipping_bucket_raingauge-t-15_min-mm,rainfall,mm,Tipping Bucket Raingauge
041238,rainfall-tipping_bucket_raingauge-t-15_min-mm,rainfall,mm,Tipping Bucket Raingauge
E22205,rainfall-tipping_bucket_raingauge-t-15_min-mm,rainfall,mm,Tipping Bucket Raingauge
060947,rainfall-tipping_bucket_raingauge-t-15_min-mm,rainfall,mm,Tipping Bucket Raingauge
50106,rainfall-tipping_bucket_raingauge-t-15_min-mm,rainfall,mm,Tipping Bucket Raingauge
E160,rainfall-tipping_bucket_raingauge-t-15_min-mm,rainfall,mm,Tipping Bucket Raingauge
000075TP,rainfall-tipping_bucket_raingauge-t-15_min-mm,rainfall,mm,Tipping Bucket Raingauge
598691,rainfall-tipping_bucket_raingauge-t-15_min-mm,rainfall,mm,Tipping Bucket Raingauge
085322,rainfall-tipping_bucket_raingauge-t-15_min-mm,rainfall,mm,Tipping Bucket Raingauge
085322,rainfall-tipping_bucket_raingauge-i-15_min-mm,rainfall,mm,Tipping Bucket Raingauge
52201,rainfall-tipping_bucket_raingauge-t-15_min-mm,rainfall,mm,Tipping Bucket Raingauge
253861TP,rainfall-tipping_bucket_raingauge-t-15_min-mm,rainfall,mm,Tipping Bucket Raingauge
E45811,rainfall-tipping_bucket_raingauge-t-15_min-mm,rainfall,mm,Tipping Bucket Raingauge
E37291,rainfall-tipping_bucket_raingauge-t-15_min-mm,rainfall,mm,Tipping Bucket Raingauge
E6280,rainfall-tipping_bucket_raingauge-t-15_min-mm,rainfall,mm,Tipping Bucket Raingauge
E24751,rainfall-tipping_bucket_raingauge-t-15_min-mm,rainfall,mm,Tipping Bucket Raingauge
578009,rainfall-tipping_bucket_raingauge-t-15_min-mm,rainfall,mm,Tipping Bucket Raingauge
E44101,rainfall-tipping_bucket_raingauge-t-15_min-mm,rainfall,mm,Tipping Bucket Raingauge
50187,rainfall-tipping_bucket_raingauge-t-15_min-mm,rainfall,mm,Tipping Bucket Raingauge
E46161,rainfall-tipping_bucket_raingauge-t-15_min-mm,rainfall,mm,Tipping Bucket Raingauge
036704,rainfall-tipping_bucket_raingauge-t-15_min-mm,rainfall,mm,Tipping Bucket Raingauge
036704,rainfall-tipping_bucket_raingauge-i-15_min-mm,rainfall,mm,Tipping Bucket Raingauge
45168,rainfall-tipping_bucket_raingauge-t-15_min-mm,rainfall,mm,Tipping Bucket Raingauge
265415TP,rainfall-tipping_bucket_raingauge-t-15_min-mm,rainfall,mm,Tipping Bucket Raingauge
44100,rainfall-tipping_bucket_raingauge-t-15_min-mm,rainfall,mm,Tipping Bucket Raingauge
E42971,rainfall-tipping_bucket_raingauge-t-15_min-mm,rainfall,mm,Tipping Bucket Raingauge
46160,rainfall-tipping_bucket_raingauge-t-15_min-mm,rainfall,mm,Tipping Bucket Raingauge
567866,rainfall-tipping_bucket_raingauge-t-15_min-mm,rainfall,mm,Tipping Bucket Raingauge
531108,rainfall-tipping_bucket_raingauge-t-15_min-mm,rainfall,mm,Tipping Bucket Raingauge
018777,rainfall-tipping_bucket_raingauge-t-15_min-mm,rainfall,mm,Tipping Bucket Raingauge
018777,rainfall-tipping_bucket_raingauge-i-15_min-mm,rainfall,mm,Tipping Bucket Raingauge
077256,rainfall-tipping_bucket_raingauge-t-15_min-mm,rainfall,mm,Tipping Bucket Raingauge
077256,rainfall-tipping_bucket_raingauge-i-15_min-mm,rainfall,mm,Tipping Bucket Raingauge
E21288,rainfall-tipping_bucket_raingauge-t-15_min-mm,rainfall,mm,Tipping Bucket Raingauge
577417,rainfall-tipping_bucket_raingauge-t-15_min-mm,rainfall,mm,Tipping Bucket Raingauge
276956TP,rainfall-tipping_bucket_raingauge-t-15_min-mm,rainfall,mm,Tipping Bucket Raingauge
035488,rainfall-tipping_bucket_raingauge-t-15_min-mm,rainfall,mm,Tipping Bucket Raingauge
035488,rainfall-tipping_bucket_raingauge-i-15_min-mm,rainfall,mm,Tipping Bucket Raingauge
45236,rainfall-tipping_bucket_raingauge-t-15_min-mm,rainfall,mm,Tipping Bucket Raingauge
E7065,rainfall-tipping_bucket_raingauge-t-15_min-mm,rainfall,mm,Tipping Bucket Raingauge
E4540,rainfall-tipping_bucket_raingauge-t-15_min-mm,rainfall,mm,Tipping Bucket Raingauge
46108,rainfall-tipping_bucket_raingauge-t-15_min-mm,rainfall,mm,Tipping Bucket Raingauge
E22876,rainfall-tipping_bucket_raingauge-t-15_min-mm,rainfall,mm,Tipping Bucket Raingauge
44103,rainfall-tipping_bucket_raingauge-t-15_min-mm,rainfall,mm,Tipping Bucket Raingauge
256230TP,rainfall-tipping_bucket_raingauge-t-15_min-mm,rainfall,mm,Tipping Bucket Raingauge
274178TP,rainfall-tipping_bucket_raingauge-t-15_min-mm,rainfall,mm,Tipping Bucket Raingauge
E2365,rainfall-tipping_bucket_raingauge-t-15_min-mm,rainfall,mm,Tipping Bucket Raingauge
3652,rainfall-tipping_bucket_raingauge-t-15_min-mm,rainfall,mm,Tipping Bucket Raingauge
596026,rainfall-tipping_bucket_raingauge-t-15_min-mm,rainfall,mm,Tipping Bucket Raingauge
596026,rainfall-tipping_bucket_raingauge-t-15_min----,rainfall,---,Tipping Bucket Raingauge
E11040,rainfall-tipping_bucket_raingauge-t-15_min-mm,rainfall,mm,Tipping Bucket Raingauge
E14910,rainfall-tipping_bucket_raingauge-t-15_min-mm,rainfall,mm,Tipping Bucket Raingauge
E12580,rainfall-tipping_bucket_raingauge-t-15_min-mm,rainfall,mm,Tipping Bucket Raingauge
000102TP,rainfall-tipping_bucket_raingauge-t-15_min-mm,rainfall,mm,Tipping Bucket Raingauge
041917,rainfall-tipping_bucket_raingauge-t-15_min-mm,rainfall,mm,Tipping Bucket Raingauge
041917,rainfall-tipping_bucket_raingauge-i-15_min-mm,rainfall,mm,Tipping Bucket Raingauge
3616,rainfall-tipping_bucket_raingauge-t-15_min-mm,rainfall,mm,Tipping Bucket Raingauge
52222,rainfall-tipping_bucket_raingauge-t-15_min-mm,rainfall,mm,Tipping Bucket Raingauge
056505,rainfall-tipping_bucket_raingauge-t-15_min-mm,rainfall,mm,Tipping Bucket Raingauge
240350TP,rainfall-tipping_bucket_raingauge-t-15_min-mm,rainfall,mm,Tipping Bucket Raingauge
278744TP,rainfall-tipping_bucket_raingauge-t-15_min-mm,rainfall,mm,Tipping Bucket Raingauge
E2463,rainfall-tipping_bucket_raingauge-t-15_min-mm,rainfall,mm,Tipping Bucket Raingauge
E5727,rainfall-tipping_bucket_raingauge-t-1_h-mm,rainfall,mm,Tipping Bucket Raingauge
601304,rainfall-tipping_bucket_raingauge-t-15_min-mm,rainfall,mm,Tipping Bucket Raingauge
E22231,rainfall-tipping_bucket_raingauge-t-15_min-mm,rainfall,mm,Tipping Bucket Raingauge
026958,rainfall-tipping_bucket_raingauge-t-15_min-mm,rainfall,mm,Tipping Bucket Raingauge
E24879,rainfall-tipping_bucket_raingauge-t-15_min-mm,rainfall,mm,Tipping Bucket Raingauge
240201TP,rainfall-tipping_bucket_raingauge-t-15_min-mm,rainfall,mm,Tipping Bucket Raingauge
47163,rainfall-tipping_bucket_raingauge-t-15_min-mm,rainfall,mm,Tipping Bucket Raingauge
1165,rainfall-tipping_bucket_raingauge-t-15_min-mm,rainfall,mm,Tipping Bucket Raingauge
1155,rainfall-tipping_bucket_raingauge-t-15_min-mm,rainfall,mm,Tipping Bucket Raingauge
49106,rainfall-tipping_bucket_raingauge-t-15_min-mm,rainfall,mm,Tipping Bucket Raingauge
280826TP,rainfall-tipping_bucket_raingauge-t-15_min-mm,rainfall,mm,Tipping Bucket Raingauge
561299,rainfall-tipping_bucket_raingauge-t-15_min-mm,rainfall,mm,Tipping Bucket Raingauge
560943,rainfall-tipping_bucket_raingauge-t-15_min-mm,rainfall,mm,Tipping Bucket Raingauge
E37081,rainfall-tipping_bucket_raingauge-t-15_min-mm,rainfall,mm,Tipping Bucket Raingauge
45102,rainfall-tipping_bucket_raingauge-t-15_min-mm,rainfall,mm,Tipping Bucket Raingauge
023164,rainfall-tipping_bucket_raingauge-t-15_min-mm,rainfall,mm,Tipping Bucket Raingauge
023164,rainfall-tipping_bucket_raingauge-i-15_min-mm,rainfall,mm,Tipping Bucket Raingauge
49105,rainfall-tipping_bucket_raingauge-t-15_min-mm,rainfall,mm,Tipping Bucket Raingauge
016140,rainfall-tipping_bucket_raingauge-t-15_min-mm,rainfall,mm,Tipping Bucket Raingauge
016140,rainfall-tipping_bucket_raingauge-i-15_min-mm,rainfall,mm,Tipping Bucket Raingauge
E25051,rainfall-tipping_bucket_raingauge-t-15_min-mm,rainfall,mm,Tipping Bucket Raingauge
287864TP,rainfall-tipping_bucket_raingauge-t-15_min-mm,rainfall,mm,Tipping Bucket Raingauge
45158,rainfall-tipping_bucket_raingauge-t-15_min-mm,rainfall,mm,Tipping Bucket Raingauge
E802,rainfall-tipping_bucket_raingauge-t-15_min-mm,rainfall,mm,Tipping Bucket Raingauge
E24901,rainfall-tipping_bucket_raingauge-t-15_min-mm,rainfall,mm,Tipping Bucket Raingauge
025394,rainfall-tipping_bucket_raingauge-t-15_min-mm,rainfall,mm,Tipping Bucket Raingauge
603111,rainfall-tipping_bucket_raingauge-t-15_min-mm,rainfall,mm,Tipping Bucket Raingauge
592848,rainfall-tipping_bucket_raingauge-t-15_min-mm,rainfall,mm,Tipping Bucket Raingauge
E8530,rainfall-tipping_bucket_raingauge-t-15_min-mm,rainfall,mm,Tipping Bucket Raingauge
E42961,rainfall-tipping_bucket_raingauge-t-15_min-mm,rainfall,mm,Tipping Bucket Raingauge
47166,rainfall-tipping_bucket_raingauge-t-15_min-mm,rainfall,mm,Tipping Bucket Raingauge
264254TP,rainfall-tipping_bucket_raingauge-t-15_min-mm,rainfall,mm,Tipping Bucket Raingauge
E24746,rainfall-tipping_bucket_raingauge-t-15_min-mm,rainfall,mm,Tipping Bucket Raingauge
282290TP,rainfall-tipping_bucket_raingauge-t-15_min-mm,rainfall,mm,Tipping Bucket Raingauge
E270,rainfall-tipping_bucket_raingauge-t-15_min-mm,rainfall,mm,Tipping Bucket Raingauge
E42991,rainfall-tipping_bucket_raingauge-t-15_min-mm,rainfall,mm,Tipping Bucket Raingauge
E42981,rainfall-tipping_bucket_raingauge-t-15_min-mm,rainfall,mm,Tipping Bucket Raingauge
282947TP,rainfall-tipping_bucket_raingauge-t-15_min-mm,rainfall,mm,Tipping Bucket Raingauge
E7200,rainfall-tipping_bucket_raingauge-t-15_min-mm,rainfall,mm,Tipping Bucket Raingauge
287722TP,rainfall-tipping_bucket_raingauge-t-15_min-mm,rainfall,mm,Tipping Bucket Raingauge
E14080,rainfall-tipping_bucket_raingauge-t-15_min-mm,rainfall,mm,Tipping Bucket Raingauge
E46061,rainfall-tipping_bucket_raingauge-t-15_min-mm,rainfall,mm,Tipping Bucket Raingauge
1740,rainfall-tipping_bucket_raingauge-t-15_min-mm,rainfall,mm,Tipping Bucket Raingauge
E1681,rainfall-tipping_bucket_raingauge-t-15_min-mm,rainfall,mm,Tipping Bucket Raingauge
E27621,rainfall-tipping_bucket_raingauge-t-15_min-mm,rainfall,mm,Tipping Bucket Raingauge
50110,rainfall-tipping_bucket_raingauge-t-15_min-mm,rainfall,mm,Tipping Bucket Raingauge
3574,rainfall-tipping_bucket_raingauge-t-15_min-mm,rainfall,mm,Tipping Bucket Raingauge
E7075,rainfall-tipping_bucket_raingauge-t-15_min-mm,rainfall,mm,Tipping Bucket Raingauge
49104,rainfall-tipping_bucket_raingauge-t-15_min-mm,rainfall,mm,Tipping Bucket Raingauge
586820,rainfall-tipping_bucket_raingauge-t-15_min-mm,rainfall,mm,Tipping Bucket Raingauge
4103,rainfall-tipping_bucket_raingauge-t-15_min-mm,rainfall,mm,Tipping Bucket Raingauge
550148,rainfall-tipping_bucket_raingauge-t-15_min-mm,rainfall,mm,Tipping Bucket Raingauge
594202,rainfall-tipping_bucket_raingauge-t-15_min-mm,rainfall,mm,Tipping Bucket Raingauge
3025,rainfall-tipping_bucket_raingauge-t-15_min-mm,rainfall,mm,Tipping Bucket Raingauge
575384,rainfall-tipping_bucket_raingauge-t-15_min-mm,rainfall,mm,Tipping Bucket Raingauge
E2410,rainfall-tipping_bucket_raingauge-t-15_min-mm,rainfall,mm,Tipping Bucket Raingauge
263541TP,rainfall-tipping_bucket_raingauge-t-15_min-mm,rainfall,mm,Tipping Bucket Raingauge
052287,rainfall-tipping_bucket_raingauge-t-15_min-mm,rainfall,mm,Tipping Bucket Raingauge
052287,rainfall-tipping_bucket_raingauge-i-15_min-mm,rainfall,mm,Tipping Bucket Raingauge
E10500,rainfall-tipping_bucket_raingauge-t-15_min-mm,rainfall,mm,Tipping Bucket Raingauge
3100,rainfall-tipping_bucket_raingauge-t-15_min-mm,rainfall,mm,Tipping Bucket Raingauge
007292,rainfall-tipping_bucket_raingauge-t-15_min-mm,rainfall,mm,Tipping Bucket Raingauge
E12570,rainfall-tipping_bucket_raingauge-t-15_min-mm,rainfall,mm,Tipping Bucket Raingauge
244027TP,rainfall-tipping_bucket_raingauge-t-15_min-mm,rainfall,mm,Tipping Bucket Raingauge
E21637,rainfall-tipping_bucket_raingauge-t-15_min-mm,rainfall,mm,Tipping Bucket Raingauge
257039TP,rainfall-tipping_bucket_raingauge-t-15_min-mm,rainfall,mm,Tipping Bucket Raingauge
055R0521E_TG_326,rainfall-tipping_bucket_raingauge-t-15_min-mm,rainfall,mm,Tipping Bucket Raingauge
E23500,rainfall-tipping_bucket_raingauge-t-15_min-mm,rainfall,mm,Tipping Bucket Raingauge
261923TP,rainfall-tipping_bucket_raingauge-t-15_min-mm,rainfall,mm,Tipping Bucket Raingauge
555207,rainfall-tipping_bucket_raingauge-t-15_min-mm,rainfall,mm,Tipping Bucket Raingauge
3611,rainfall-tipping_bucket_raingauge-t-15_min-mm,rainfall,mm,Tipping Bucket Raingauge
3601,rainfall-tipping_bucket_raingauge-t-15_min-mm,rainfall,mm,Tipping Bucket Raingauge
E24889,rainfall-tipping_bucket_raingauge-t-15_min-mm,rainfall,mm,Tipping Bucket Raingauge
E37271,rainfall-tipping_bucket_raingauge-t-15_min-mm,rainfall,mm,Tipping Bucket Raingauge
589359,rainfall-tipping_bucket_raingauge-t-15_min-mm,rainfall,mm,Tipping Bucket Raingauge
E2544,rainfall-tipping_bucket_raingauge-t-15_min-mm,rainfall,mm,Tipping Bucket Raingauge
239579TP,rainfall-tipping_bucket_raingauge-t-15_min-mm,rainfall,mm,Tipping Bucket Raingauge
586493,rainfall-tipping_bucket_raingauge-t-15_min-mm,rainfall,mm,Tipping Bucket Raingauge
E21179,rainfall-tipping_bucket_raingauge-t-15_min-mm,rainfall,mm,Tipping Bucket Raingauge
243045TP,rainfall-tipping_bucket_raingauge-t-15_min-mm,rainfall,mm,Tipping Bucket Raingauge
558016,rainfall-tipping_bucket_raingauge-t-15_min-mm,rainfall,mm,Tipping Bucket Raingauge
1045,rainfall-tipping_bucket_raingauge-t-15_min-mm,rainfall,mm,Tipping Bucket Raingauge
E7105,rainfall-tipping_bucket_raingauge-t-15_min-mm,rainfall,mm,Tipping Bucket Raingauge
051729,rainfall-tipping_bucket_raingauge-t-15_min-mm,rainfall,mm,Tipping Bucket Raingauge
E24756,rainfall-tipping_bucket_raingauge-t-15_min-mm,rainfall,mm,Tipping Bucket Raingauge
52101,rainfall-tipping_bucket_raingauge-t-15_min-mm,rainfall,mm,Tipping Bucket Raingauge
E22309,rainfall-tipping_bucket_raingauge-t-15_min-mm,rainfall,mm,Tipping Bucket Raingauge
E14440,rainfall-tipping_bucket_raingauge-t-15_min-mm,rainfall,mm,Tipping Bucket Raingauge
52105,rainfall-tipping_bucket_raingauge-t-15_min-mm,rainfall,mm,Tipping Bucket Raingauge
571894,rainfall-tipping_bucket_raingauge-t-15_min-mm,rainfall,mm,Tipping Bucket Raingauge
E22400,rainfall-tipping_bucket_raingauge-t-15_min-mm,rainfall,mm,Tipping Bucket Raingauge
49172,rainfall-tipping_bucket_raingauge-t-15_min-mm,rainfall,mm,Tipping Bucket Raingauge
579167,rainfall-tipping_bucket_raingauge-t-15_min-mm,rainfall,mm,Tipping Bucket Raingauge
E23392,rainfall-tipping_bucket_raingauge-t-15_min-mm,rainfall,mm,Tipping Bucket Raingauge
E1700,rainfall-tipping_bucket_raingauge-t-15_min-mm,rainfall,mm,Tipping Bucket Raingauge
1795,rainfall-tipping_bucket_raingauge-t-15_min-mm,rainfall,mm,Tipping Bucket Raingauge
1769,rainfall-tipping_bucket_raingauge-t-15_min-mm,rainfall,mm,Tipping Bucket Raingauge
585512,rainfall-tipping_bucket_raingauge-t-15_min-mm,rainfall,mm,Tipping Bucket Raingauge
603315,rainfall-tipping_bucket_raingauge-t-15_min-mm,rainfall,mm,Tipping Bucket Raingauge
600735,rainfall-tipping_bucket_raingauge-t-15_min-mm,rainfall,mm,Tipping Bucket Raingauge
E23657,rainfall-tipping_bucket_raingauge-t-15_min-mm,rainfall,mm,Tipping Bucket Raingauge
44213,rainfall-tipping_bucket_raingauge-t-15_min-mm,rainfall,mm,Tipping Bucket Raingauge
276651TP,rainfall-tipping_bucket_raingauge-t-15_min-mm,rainfall,mm,Tipping Bucket Raingauge
575935,rainfall-tipping_bucket_raingauge-t-15_min-mm,rainfall,mm,Tipping Bucket Raingauge
575935,rainfall-tipping_bucket_raingauge-t-15_min----,rainfall,---,Tipping Bucket Raingauge
582837,rainfall-tipping_bucket_raingauge-t-15_min-mm,rainfall,mm,Tipping Bucket Raingauge
E23205,rainfall-tipping_bucket_raingauge-t-15_min-mm,rainfall,mm,Tipping Bucket Raingauge
562417,rainfall-tipping_bucket_raingauge-t-15_min-mm,rainfall,mm,Tipping Bucket Raingauge
073422,rainfall-tipping_bucket_raingauge-t-15_min-mm,rainfall,mm,Tipping Bucket Raingauge
073422,rainfall-tipping_bucket_raingauge-i-15_min-mm,rainfall,mm,Tipping Bucket Raingauge
E23487,rainfall-tipping_bucket_raingauge-t-15_min-mm,rainfall,mm,Tipping Bucket Raingauge
047439,rainfall-tipping_bucket_raingauge-t-15_min-mm,rainfall,mm,Tipping Bucket Raingauge
3110,rainfall-tipping_bucket_raingauge-t-15_min-mm,rainfall,mm,Tipping Bucket Raingauge
1332,rainfall-tipping_bucket_raingauge-t-15_min-mm,rainfall,mm,Tipping Bucket Raingauge
E24865,rainfall-tipping_bucket_raingauge-t-15_min-mm,rainfall,mm,Tipping Bucket Raingauge
E7270,rainfall-tipping_bucket_raingauge-t-15_min-mm,rainfall,mm,Tipping Bucket Raingauge
3346,rainfall-tipping_bucket_raingauge-t-15_min-mm,rainfall,mm,Tipping Bucket Raingauge
E3281,rainfall-tipping_bucket_raingauge-t-15_min-mm,rainfall,mm,Tipping Bucket Raingauge
1141,rainfall-tipping_bucket_raingauge-t-15_min-mm,rainfall,mm,Tipping Bucket Raingauge
573674,rainfall-tipping_bucket_raingauge-t-15_min-mm,rainfall,mm,Tipping Bucket Raingauge
E19017,rainfall-tipping_bucket_raingauge-t-15_min-mm,rainfall,mm,Tipping Bucket Raingauge
240662TP,rainfall-tipping_bucket_raingauge-t-15_min-mm,rainfall,mm,Tipping Bucket Raingauge
558491,rainfall-tipping_bucket_raingauge-t-15_min-mm,rainfall,mm,Tipping Bucket Raingauge
059793,rainfall-tipping_bucket_raingauge-t-15_min-mm,rainfall,mm,Tipping Bucket Raingauge
013553,rainfall-tipping_bucket_raingauge-t-15_min-mm,rainfall,mm,Tipping Bucket Raingauge
50108,rainfall-tipping_bucket_raingauge-t-15_min-mm,rainfall,mm,Tipping Bucket Raingauge
E14920,rainfall-tipping_bucket_raingauge-t-15_min-mm,rainfall,mm,Tipping Bucket Raingauge
038476,rainfall-tipping_bucket_raingauge-t-15_min-mm,rainfall,mm,Tipping Bucket Raingauge
E11461,rainfall-tipping_bucket_raingauge-t-15_min-mm,rainfall,mm,Tipping Bucket Raingauge
E24727,rainfall-tipping_bucket_raingauge-t-15_min-mm,rainfall,mm,Tipping Bucket Raingauge
576925,rainfall-tipping_bucket_raingauge-t-15_min-mm,rainfall,mm,Tipping Bucket Raingauge
300001TP,rainfall-tipping_bucket_raingauge-t-15_min-mm,rainfall,mm,Tipping Bucket Raingauge
53107,rainfall-tipping_bucket_raingauge-t-15_min-mm,rainfall,mm,Tipping Bucket Raingauge
1409,rainfall-tipping_bucket_raingauge-t-15_min-mm,rainfall,mm,Tipping Bucket Raingauge
E8500,rainfall-tipping_bucket_raingauge-t-15_min-mm,rainfall,mm,Tipping Bucket Raingauge
283596TP,rainfall-tipping_bucket_raingauge-t-15_min-mm,rainfall,mm,Tipping Bucket Raingauge
241243TP,rainfall-tipping_bucket_raingauge-t-15_min-mm,rainfall,mm,Tipping Bucket Raingauge
47102,rainfall-tipping_bucket_raingauge-t-15_min-mm,rainfall,mm,Tipping Bucket Raingauge
49162,rainfall-tipping_bucket_raingauge-t-15_min-mm,rainfall,mm,Tipping Bucket Raingauge
076204,rainfall-tipping_bucket_raingauge-t-15_min-mm,rainfall,mm,Tipping Bucket Raingauge
53102,rainfall-tipping_bucket_raingauge-t-15_min-mm,rainfall,mm,Tipping Bucket Raingauge
E7120,rainfall-tipping_bucket_raingauge-t-15_min-mm,rainfall,mm,Tipping Bucket Raingauge
E4080,rainfall-tipping_bucket_raingauge-t-15_min-mm,rainfall,mm,Tipping Bucket Raingauge
287451TP,rainfall-tipping_bucket_raingauge-t-15_min-mm,rainfall,mm,Tipping Bucket Raingauge
E12160,rainfall-tipping_bucket_raingauge-t-15_min-mm,rainfall,mm,Tipping Bucket Raingauge
53106,rainfall-tipping_bucket_raingauge-t-15_min-mm,rainfall,mm,Tipping Bucket Raingauge
52225,rainfall-tipping_bucket_raingauge-t-15_min-mm,rainfall,mm,Tipping Bucket Raingauge
265038TP,rainfall-tipping_bucket_raingauge-t-15_min-mm,rainfall,mm,Tipping Bucket Raingauge
598147,rainfall-tipping_bucket_raingauge-t-15_min-mm,rainfall,mm,Tipping Bucket Raingauge
417417TP,rainfall-tipping_bucket_raingauge-t-15_min-mm,rainfall,mm,Tipping Bucket Raingauge
45231,rainfall-tipping_bucket_raingauge-t-15_min-mm,rainfall,mm,Tipping Bucket Raingauge
247540TP,rainfall-tipping_bucket_raingauge-t-15_min-mm,rainfall,mm,Tipping Bucket Raingauge
074385,rainfall-tipping_bucket_raingauge-t-15_min-mm,rainfall,mm,Tipping Bucket Raingauge
074385,rainfall-tipping_bucket_raingauge-i-15_min-mm,rainfall,mm,Tipping Bucket Raingauge
035305,rainfall-tipping_bucket_raingauge-t-15_min-mm,rainfall,mm,Tipping Bucket Raingauge
035305,rainfall-tipping_bucket_raingauge-i-15_min-mm,rainfall,mm,Tipping Bucket Raingauge
1774,rainfall-tipping_bucket_raingauge-t-15_min-mm,rainfall,mm,Tipping Bucket Raingauge
E9720,rainfall-tipping_bucket_raingauge-t-15_min-mm,rainfall,mm,Tipping Bucket Raingauge
1548,rainfall-tipping_bucket_raingauge-t-15_min-mm,rainfall,mm,Tipping Bucket Raingauge
49108,rainfall-tipping_bucket_raingauge-t-15_min-mm,rainfall,mm,Tipping Bucket Raingauge
44214,rainfall-tipping_bucket_raingauge-t-15_min-mm,rainfall,mm,Tipping Bucket Raingauge
559969,rainfall-tipping_bucket_raingauge-t-15_min-mm,rainfall,mm,Tipping Bucket Raingauge
570788,rainfall-tipping_bucket_raingauge-t-15_min-mm,rainfall,mm,Tipping Bucket Raingauge
E14940,rainfall-tipping_bucket_raingauge-t-15_min-mm,rainfall,mm,Tipping Bucket Raingauge
E22735,rainfall-tipping_bucket_raingauge-t-15_min-mm,rainfall,mm,Tipping Bucket Raingauge
E22322,rainfall-tipping_bucket_raingauge-t-15_min-mm,rainfall,mm,Tipping Bucket Raingauge
604040,rainfall-tipping_bucket_raingauge-t-15_min-mm,rainfall,mm,Tipping Bucket Raingauge
E1300,rainfall-tipping_bucket_raingauge-t-15_min-mm,rainfall,mm,Tipping Bucket Raingauge
E1908,rainfall-tipping_bucket_raingauge-t-15_min-mm,rainfall,mm,Tipping Bucket Raingauge
1552,rainfall-tipping_bucket_raingauge-t-15_min-mm,rainfall,mm,Tipping Bucket Raingauge
3380,rainfall-tipping_bucket_raingauge-t-15_min-mm,rainfall,mm,Tipping Bucket Raingauge
E5728,rainfall-tipping_bucket_raingauge-t-1_h-mm,rainfall,mm,Tipping Bucket Raingauge
E2578,rainfall-tipping_bucket_raingauge-t-15_min-mm,rainfall,mm,Tipping Bucket Raingauge
E4090,rainfall-tipping_bucket_raingauge-t-15_min-mm,rainfall,mm,Tipping Bucket Raingauge
068762,rainfall-tipping_bucket_raingauge-t-15_min-mm,rainfall,mm,Tipping Bucket Raingauge
068762,rainfall-tipping_bucket_raingauge-i-15_min-mm,rainfall,mm,Tipping Bucket Raingauge
E24767,rainfall-tipping_bucket_raingauge-t-15_min-mm,rainfall,mm,Tipping Bucket Raingauge
53108,rainfall-tipping_bucket_raingauge-t-15_min-mm,rainfall,mm,Tipping Bucket Raingauge
240470TP,rainfall-tipping_bucket_raingauge-t-15_min-mm,rainfall,mm,Tipping Bucket Raingauge
243679TP,rainfall-tipping_bucket_raingauge-t-15_min-mm,rainfall,mm,Tipping Bucket Raingauge
238097TP,rainfall-tipping_bucket_raingauge-t-15_min-mm,rainfall,mm,Tipping Bucket Raingauge
E13590,rainfall-tipping_bucket_raingauge-t-15_min-mm,rainfall,mm,Tipping Bucket Raingauge
287141TP,rainfall-tipping_bucket_raingauge-t-15_min-mm,rainfall,mm,Tipping Bucket Raingauge
039163,rainfall-tipping_bucket_raingauge-t-15_min-mm,rainfall,mm,Tipping Bucket Raingauge
E22218,rainfall-tipping_bucket_raingauge-t-15_min-mm,rainfall,mm,Tipping Bucket Raingauge
E7160,rainfall-tipping_bucket_raingauge-t-15_min-mm,rainfall,mm,Tipping Bucket Raingauge
E10140,rainfall-tipping_bucket_raingauge-t-15_min-mm,rainfall,mm,Tipping Bucket Raingauge
593321,rainfall-tipping_bucket_raingauge-t-15_min-mm,rainfall,mm,Tipping Bucket Raingauge
034459,rainfall-tipping_bucket_raingauge-t-15_min-mm,rainfall,mm,Tipping Bucket Raingauge
45115,rainfall-tipping_bucket_raingauge-t-15_min-mm,rainfall,mm,Tipping Bucket Raingauge
E2450,rainfall-tipping_bucket_raingauge-t-15_min-mm,rainfall,mm,Tipping Bucket Raingauge
1087,rainfall-tipping_bucket_raingauge-t-15_min-mm,rainfall,mm,Tipping Bucket Raingauge
E42135,rainfall-tipping_bucket_raingauge-t-15_min-mm,rainfall,mm,Tipping Bucket Raingauge
290007TP,rainfall-tipping_bucket_raingauge-t-15_min-mm,rainfall,mm,Tipping Bucket Raingauge
605936,rainfall-tipping_bucket_raingauge-t-15_min-mm,rainfall,mm,Tipping Bucket Raingauge
45166,rainfall-tipping_bucket_raingauge-t-1_h-mm,rainfall,mm,Tipping Bucket Raingauge
3641,rainfall-tipping_bucket_raingauge-t-15_min-mm,rainfall,mm,Tipping Bucket Raingauge
3349,rainfall-tipping_bucket_raingauge-t-15_min-mm,rainfall,mm,Tipping Bucket Raingauge
3861,rainfall-tipping_bucket_raingauge-t-15_min-mm,rainfall,mm,Tipping Bucket Raingauge
45113,rainfall-tipping_bucket_raingauge-t-15_min-mm,rainfall,mm,Tipping Bucket Raingauge
E24737,rainfall-tipping_bucket_raingauge-t-15_min-mm,rainfall,mm,Tipping Bucket Raingauge
52227,rainfall-tipping_bucket_raingauge-t-15_min-mm,rainfall,mm,Tipping Bucket Raingauge
3781,rainfall-tipping_bucket_raingauge-t-15_min-mm,rainfall,mm,Tipping Bucket Raingauge
247344TP,rainfall-tipping_bucket_raingauge-t-15_min-mm,rainfall,mm,Tipping Bucket Raingauge
E13580,rainfall-tipping_bucket_raingauge-t-15_min-mm,rainfall,mm,Tipping Bucket Raingauge
574718,rainfall-tipping_bucket_raingauge-t-15_min-mm,rainfall,mm,Tipping Bucket Raingauge
43203,rainfall-tipping_bucket_raingauge-t-15_min-mm,rainfall,mm,Tipping Bucket Raingauge
562992,rainfall-tipping_bucket_raingauge-t-15_min-mm,rainfall,mm,Tipping Bucket Raingauge
289102TP,rainfall-tipping_bucket_raingauge-t-15_min-mm,rainfall,mm,Tipping Bucket Raingauge
E1691,rainfall-tipping_bucket_raingauge-t-15_min-mm,rainfall,mm,Tipping Bucket Raingauge
E1691,rainfall-water-t-15_min-mm,rainfall,mm,Water
032822,rainfall-tipping_bucket_raingauge-t-15_min-mm,rainfall,mm,Tipping Bucket Raingauge
613467,rainfall-tipping_bucket_raingauge-t-15_min-mm,rainfall,mm,Tipping Bucket Raingauge
E1645,rainfall-tipping_bucket_raingauge-t-15_min-mm,rainfall,mm,Tipping Bucket Raingauge
E7130,rainfall-tipping_bucket_raingauge-t-15_min-mm,rainfall,mm,Tipping Bucket Raingauge
3603,rainfall-tipping_bucket_raingauge-t-15_min-mm,rainfall,mm,Tipping Bucket Raingauge
51102,rainfall-tipping_bucket_raingauge-t-15_min-mm,rainfall,mm,Tipping Bucket Raingauge
E7180,rainfall-tipping_bucket_raingauge-t-15_min-mm,rainfall,mm,Tipping Bucket Raingauge
E7170,rainfall-tipping_bucket_raingauge-t-15_min-mm,rainfall,mm,Tipping Bucket Raingauge
E2476,rainfall-tipping_bucket_raingauge-t-15_min-mm,rainfall,mm,Tipping Bucket Raingauge
245176TP,rainfall-tipping_bucket_raingauge-t-15_min-mm,rainfall,mm,Tipping Bucket Raingauge
577271,rainfall-tipping_bucket_raingauge-t-15_min-mm,rainfall,mm,Tipping Bucket Raingauge
3773,rainfall-tipping_bucket_raingauge-t-15_min-mm,rainfall,mm,Tipping Bucket Raingauge
1794,rainfall-tipping_bucket_raingauge-t-15_min-mm,rainfall,mm,Tipping Bucket Raingauge
290200TP,rainfall-tipping_bucket_raingauge-t-15_min-mm,rainfall,mm,Tipping Bucket Raingauge
600986,rainfall-tipping_bucket_raingauge-t-15_min-mm,rainfall,mm,Tipping Bucket Raingauge
005588,rainfall-tipping_bucket_raingauge-t-15_min-mm,rainfall,mm,Tipping Bucket Raingauge
560631,rainfall-tipping_bucket_raingauge-t-15_min-mm,rainfall,mm,Tipping Bucket Raingauge
E8510,rainfall-tipping_bucket_raingauge-t-15_min-mm,rainfall,mm,Tipping Bucket Raingauge
E13560,rainfall-tipping_bucket_raingauge-t-15_min-mm,rainfall,mm,Tipping Bucket Raingauge
45157,rainfall-tipping_bucket_raingauge-t-15_min-mm,rainfall,mm,Tipping Bucket Raingauge
285630TP,rainfall-tipping_bucket_raingauge-t-15_min-mm,rainfall,mm,Tipping Bucket Raingauge
E7070,rainfall-tipping_bucket_raingauge-t-15_min-mm,rainfall,mm,Tipping Bucket Raingauge
037239,rainfall-tipping_bucket_raingauge-t-15_min-mm,rainfall,mm,Tipping Bucket Raingauge
E6770,rainfall-tipping_bucket_raingauge-t-15_min-mm,rainfall,mm,Tipping Bucket Raingauge
007533,rainfall-tipping_bucket_raingauge-t-15_min-mm,rainfall,mm,Tipping Bucket Raingauge
082509,rainfall-tipping_bucket_raingauge-t-15_min-mm,rainfall,mm,Tipping Bucket Raingauge
082509,rainfall-tipping_bucket_raingauge-i-15_min-mm,rainfall,mm,Tipping Bucket Raingauge
924203,rainfall-tipping_bucket_raingauge-t-15_min-mm,rainfall,mm,Tipping Bucket Raingauge
924203,rainfall-tipping_bucket_raingauge-i-15_min-mm,rainfall,mm,Tipping Bucket Raingauge
3441,rainfall-tipping_bucket_raingauge-t-15_min-mm,rainfall,mm,Tipping Bucket Raingauge
E10370,rainfall-tipping_bucket_raingauge-t-15_min-mm,rainfall,mm,Tipping Bucket Raingauge
E10360,rainfall-tipping_bucket_raingauge-t-15_min-mm,rainfall,mm,Tipping Bucket Raingauge
004942,rainfall-tipping_bucket_raingauge-t-15_min-mm,rainfall,mm,Tipping Bucket Raingauge
584098,rainfall-tipping_bucket_raingauge-t-15_min-mm,rainfall,mm,Tipping Bucket Raingauge
48105,rainfall-tipping_bucket_raingauge-t-15_min-mm,rainfall,mm,Tipping Bucket Raingauge
084532,rainfall-tipping_bucket_raingauge-t-15_min-mm,rainfall,mm,Tipping Bucket Raingauge
084532,rainfall-tipping_bucket_raingauge-i-15_min-mm,rainfall,mm,Tipping Bucket Raingauge
48155,rainfall-tipping_bucket_raingauge-t-15_min-mm,rainfall,mm,Tipping Bucket Raingauge
E14880,rainfall-tipping_bucket_raingauge-t-15_min-mm,rainfall,mm,Tipping Bucket Raingauge
43205,rainfall-tipping_bucket_raingauge-t-15_min-mm,rainfall,mm,Tipping Bucket Raingauge
561613,rainfall-tipping_bucket_raingauge-t-15_min-mm,rainfall,mm,Tipping Bucket Raingauge
243131TP,rainfall-tipping_bucket_raingauge-t-15_min-mm,rainfall,mm,Tipping Bucket Raingauge
576578,rainfall-tipping_bucket_raingauge-t-15_min-mm,rainfall,mm,Tipping Bucket Raingauge
E2316,rainfall-tipping_bucket_raingauge-t-15_min-mm,rainfall,mm,Tipping Bucket Raingauge
E5729,rainfall-tipping_bucket_raingauge-t-1_h-mm,rainfall,mm,Tipping Bucket Raingauge
080282,rainfall-tipping_bucket_raingauge-t-15_min-mm,rainfall,mm,Tipping Bucket Raingauge
080282,rainfall-tipping_bucket_raingauge-i-15_min-mm,rainfall,mm,Tipping Bucket Raingauge
3629,rainfall-tipping_bucket_raingauge-t-15_min-mm,rainfall,mm,Tipping Bucket Raingauge
3629,rainfall-tipping_bucket_raingauge-Event-Unspecified-mm,rainfall,mm,Tipping Bucket Raingauge
E6760,rainfall-tipping_bucket_raingauge-t-15_min-mm,rainfall,mm,Tipping Bucket Raingauge
E44081,rainfall-tipping_bucket_raingauge-t-15_min-mm,rainfall,mm,Tipping Bucket Raingauge
E901,rainfall-tipping_bucket_raingauge-t-15_min-mm,rainfall,mm,Tipping Bucket Raingauge
054507,rainfall-tipping_bucket_raingauge-t-15_min-mm,rainfall,mm,Tipping Bucket Raingauge
054507,rainfall-tipping_bucket_raingauge-i-15_min-mm,rainfall,mm,Tipping Bucket Raingauge
021228,rainfall-tipping_bucket_raingauge-t-15_min-mm,rainfall,mm,Tipping Bucket Raingauge
022994,rainfall-tipping_bucket_raingauge-t-15_min-mm,rainfall,mm,Tipping Bucket Raingauge
52103,rainfall-tipping_bucket_raingauge-t-15_min-mm,rainfall,mm,Tipping Bucket Raingauge
E22244,rainfall-tipping_bucket_raingauge-t-15_min-mm,rainfall,mm,Tipping Bucket Raingauge
E24920,rainfall-tipping_bucket_raingauge-t-15_min-mm,rainfall,mm,Tipping Bucket Raingauge
1603,rainfall-tipping_bucket_raingauge-t-15_min-mm,rainfall,mm,Tipping Bucket Raingauge
E7190,rainfall-tipping_bucket_raingauge-t-15_min-mm,rainfall,mm,Tipping Bucket Raingauge
573342,rainfall-tipping_bucket_raingauge-t-15_min-mm,rainfall,mm,Tipping Bucket Raingauge
1819,rainfall-tipping_bucket_raingauge-t-15_min-mm,rainfall,mm,Tipping Bucket Raingauge
46101,rainfall-tipping_bucket_raingauge-t-15_min-mm,rainfall,mm,Tipping Bucket Raingauge
48171,rainfall-tipping_bucket_raingauge-t-15_min-mm,rainfall,mm,Tipping Bucket Raingauge
3767,rainfall-tipping_bucket_raingauge-t-15_min-mm,rainfall,mm,Tipping Bucket Raingauge
E11191,rainfall-tipping_bucket_raingauge-t-15_min-mm,rainfall,mm,Tipping Bucket Raingauge
078922,rainfall-tipping_bucket_raingauge-t-15_min-mm,rainfall,mm,Tipping Bucket Raingauge
078922,rainfall-tipping_bucket_raingauge-i-15_min-mm,rainfall,mm,Tipping Bucket Raingauge
45169,rainfall-tipping_bucket_raingauge-t-15_min-mm,rainfall,mm,Tipping Bucket Raingauge
268103TP,rainfall-tipping_bucket_raingauge-t-15_min-mm,rainfall,mm,Tipping Bucket Raingauge
075233,rainfall-tipping_bucket_raingauge-t-15_min-mm,rainfall,mm,Tipping Bucket Raingauge
075233,rainfall-tipping_bucket_raingauge-i-15_min-mm,rainfall,mm,Tipping Bucket Raingauge
254336TP,rainfall-tipping_bucket_raingauge-t-15_min-mm,rainfall,mm,Tipping Bucket Raingauge
E2859,rainfall-tipping_bucket_raingauge-t-15_min-mm,rainfall,mm,Tipping Bucket Raingauge
606299,rainfall-tipping_bucket_raingauge-t-15_min-mm,rainfall,mm,Tipping Bucket Raingauge
E5734,rainfall-tipping_bucket_raingauge-t-1_h-mm,rainfall,mm,Tipping Bucket Raingauge
E10000,rainfall-tipping_bucket_raingauge-t-15_min-mm,rainfall,mm,Tipping Bucket Raingauge
44104,rainfall-tipping_bucket_raingauge-t-15_min-mm,rainfall,mm,Tipping Bucket Raingauge
E44091,rainfall-tipping_bucket_raingauge-t-15_min-mm,rainfall,mm,Tipping Bucket Raingauge
476898_TG_333,rainfall-tipping_bucket_raingauge-t-15_min-mm,rainfall,mm,Tipping Bucket Raingauge
246847TP,rainfall-tipping_bucket_raingauge-t-15_min-mm,rainfall,mm,Tipping Bucket Raingauge
52129,rainfall-tipping_bucket_raingauge-t-15_min-mm,rainfall,mm,Tipping Bucket Raingauge
E21589,rainfall-tipping_bucket_raingauge-t-15_min-mm,rainfall,mm,Tipping Bucket Raingauge
079621,rainfall-tipping_bucket_raingauge-t-15_min-mm,rainfall,mm,Tipping Bucket Raingauge
079621,rainfall-tipping_bucket_raingauge-i-15_min-mm,rainfall,mm,Tipping Bucket Raingauge
3683,rainfall-tipping_bucket_raingauge-t-15_min-mm,rainfall,mm,Tipping Bucket Raingauge
028502,rainfall-tipping_bucket_raingauge-t-15_min-mm,rainfall,mm,Tipping Bucket Raingauge
3026,rainfall-tipping_bucket_raingauge-t-15_min-mm,rainfall,mm,Tipping Bucket Raingauge
52223,rainfall-tipping_bucket_raingauge-t-15_min-mm,rainfall,mm,Tipping Bucket Raingauge
E24775,rainfall-tipping_bucket_raingauge-t-15_min-mm,rainfall,mm,Tipping Bucket Raingauge
E21096,rainfall-tipping_bucket_raingauge-t-15_min-mm,rainfall,mm,Tipping Bucket Raingauge
E14850,rainfall-tipping_bucket_raingauge-t-15_min-mm,rainfall,mm,Tipping Bucket Raingauge
1713,rainfall-tipping_bucket_raingauge-t-15_min-mm,rainfall,mm,Tipping Bucket Raingauge
022163,rainfall-tipping_bucket_raingauge-t-15_min-mm,rainfall,mm,Tipping Bucket Raingauge
52147,rainfall-tipping_bucket_raingauge-t-15_min-mm,rainfall,mm,Tipping Bucket Raingauge
E23470,rainfall-tipping_bucket_raingauge-t-15_min-mm,rainfall,mm,Tipping Bucket Raingauge
E1457,rainfall-tipping_bucket_raingauge-t-15_min-mm,rainfall,mm,Tipping Bucket Raingauge
560557,rainfall-tipping_bucket_raingauge-t-15_min-mm,rainfall,mm,Tipping Bucket Raingauge
047281,rainfall-tipping_bucket_raingauge-t-15_min-mm,rainfall,mm,Tipping Bucket Raingauge
52150,rainfall-tipping_bucket_raingauge-t-1_h-mm,rainfall,mm,Tipping Bucket Raingauge
E7040,rainfall-tipping_bucket_raingauge-t-15_min-mm,rainfall,mm,Tipping Bucket Raingauge
061431,rainfall-tipping_bucket_raingauge-t-15_min-mm,rainfall,mm,Tipping Bucket Raingauge
013878,rainfall-tipping_bucket_raingauge-t-15_min-mm,rainfall,mm,Tipping Bucket Raingauge
291477TP,rainfall-tipping_bucket_raingauge-t-15_min-mm,rainfall,mm,Tipping Bucket Raingauge
E23518,rainfall-tipping_bucket_raingauge-t-15_min-mm,rainfall,mm,Tipping Bucket Raingauge
021028,rainfall-tipping_bucket_raingauge-t-15_min-mm,rainfall,mm,Tipping Bucket Raingauge
276036TP,rainfall-tipping_bucket_raingauge-t-15_min-mm,rainfall,mm,Tipping Bucket Raingauge
E2382,rainfall-tipping_bucket_raingauge-t-15_min-mm,rainfall,mm,Tipping Bucket Raingauge
E5721,rainfall-tipping_bucket_raingauge-t-1_h-mm,rainfall,mm,Tipping Bucket Raingauge
E10120,rainfall-tipping_bucket_raingauge-t-15_min-mm,rainfall,mm,Tipping Bucket Raingauge
E24187,rainfall-2-t-15_min-mm,rainfall,mm,2
E6780,rainfall-tipping_bucket_raingauge-t-15_min-mm,rainfall,mm,Tipping Bucket Raingauge
E5726,rainfall-tipping_bucket_raingauge-t-1_h-mm,rainfall,mm,Tipping Bucket Raingauge
240816TP,rainfall-tipping_bucket_raingauge-t-15_min-mm,rainfall,mm,Tipping Bucket Raingauge
50103,rainfall-tipping_bucket_raingauge-t-15_min-mm,rainfall,mm,Tipping Bucket Raingauge
47170,rainfall-tipping_bucket_raingauge-t-15_min-mm,rainfall,mm,Tipping Bucket Raingauge
531184,rainfall-tipping_bucket_raingauge-Event-15_min-mm,rainfall,mm,Tipping Bucket Raingauge
E21335,rainfall-tipping_bucket_raingauge-t-15_min-mm,rainfall,mm,Tipping Bucket Raingauge
597519,rainfall-tipping_bucket_raingauge-t-15_min-mm,rainfall,mm,Tipping Bucket Raingauge
E23420,rainfall-tipping_bucket_raingauge-t-15_min-mm,rainfall,mm,Tipping Bucket Raingauge
43105,rainfall-tipping_bucket_raingauge-t-15_min-mm,rainfall,mm,Tipping Bucket Raingauge
50194,rainfall-tipping_bucket_raingauge-t-15_min-mm,rainfall,mm,Tipping Bucket Raingauge
017651,rainfall-tipping_bucket_raingauge-t-15_min-mm,rainfall,mm,Tipping Bucket Raingauge
47108,rainfall-tipping_bucket_raingauge-t-15_min-mm,rainfall,mm,Tipping Bucket Raingauge
1813,rainfall-tipping_bucket_raingauge-t-15_min-mm,rainfall,mm,Tipping Bucket Raingauge
284703TP,rainfall-tipping_bucket_raingauge-t-15_min-mm,rainfall,mm,Tipping Bucket Raingauge
291241TP,rainfall-tipping_bucket_raingauge-t-15_min-mm,rainfall,mm,Tipping Bucket Raingauge
E23646,rainfall-tipping_bucket_raingauge-t-15_min-mm,rainfall,mm,Tipping Bucket Raingauge
48181,rainfall-tipping_bucket_raingauge-t-15_min-mm,rainfall,mm,Tipping Bucket Raingauge
568363,rainfall-tipping_bucket_raingauge-t-15_min-mm,rainfall,mm,Tipping Bucket Raingauge
1817,rainfall-tipping_bucket_raingauge-t-15_min-mm,rainfall,mm,Tipping Bucket Raingauge
531175,rainfall-tipping_bucket_raingauge-t-15_min-mm,rainfall,mm,Tipping Bucket Raingauge
592448,rainfall-tipping_bucket_raingauge-t-15_min-mm,rainfall,mm,Tipping Bucket Raingauge
083280,rainfall-tipping_bucket_raingauge-t-15_min-mm,rainfall,mm,Tipping Bucket Raingauge
E1928,rainfall-tipping_bucket_raingauge-t-15_min-mm,rainfall,mm,Tipping Bucket Raingauge
241790TP,rainfall-tipping_bucket_raingauge-t-15_min-mm,rainfall,mm,Tipping Bucket Raingauge
253340TP,rainfall-tipping_bucket_raingauge-t-15_min-mm,rainfall,mm,Tipping Bucket Raingauge
585022,rainfall-tipping_bucket_raingauge-t-15_min-mm,rainfall,mm,Tipping Bucket Raingauge
256345TP,rainfall-tipping_bucket_raingauge-t-15_min-mm,rainfall,mm,Tipping Bucket Raingauge
026090,rainfall-tipping_bucket_raingauge-t-15_min-mm,rainfall,mm,Tipping Bucket Raingauge
3178,rainfall-tipping_bucket_raingauge-t-15_min-mm,rainfall,mm,Tipping Bucket Raingauge
053532,rainfall-tipping_bucket_raingauge-t-15_min-mm,rainfall,mm,Tipping Bucket Raingauge
053532,rainfall-tipping_bucket_raingauge-i-15_min-mm,rainfall,mm,Tipping Bucket Raingauge
E8480,rainfall-tipping_bucket_raingauge-t-15_min-mm,rainfall,mm,Tipping Bucket Raingauge
E22486,rainfall-tipping_bucket_raingauge-t-15_min-mm,rainfall,mm,Tipping Bucket Raingauge
E24952,rainfall-tipping_bucket_raingauge-t-15_min-mm,rainfall,mm,Tipping Bucket Raingauge
010660,rainfall-tipping_bucket_raingauge-t-15_min-mm,rainfall,mm,Tipping Bucket Raingauge
E24591,rainfall-tipping_bucket_raingauge-t-15_min-mm,rainfall,mm,Tipping Bucket Raingauge
43103,rainfall-tipping_bucket_raingauge-t-15_min-mm,rainfall,mm,Tipping Bucket Raingauge
287946TP,rainfall-tipping_bucket_raingauge-t-15_min-mm,rainfall,mm,Tipping Bucket Raingauge
E2050,rainfall-tipping_bucket_raingauge-t-15_min-mm,rainfall,mm,Tipping Bucket Raingauge
E2040,rainfall-tipping_bucket_raingauge-t-15_min-mm,rainfall,mm,Tipping Bucket Raingauge
45167,rainfall-tipping_bucket_raingauge-t-15_min-mm,rainfall,mm,Tipping Bucket Raingauge
E24585,rainfall-tipping_bucket_raingauge-t-15_min-mm,rainfall,mm,Tipping Bucket Raingauge
010312,rainfall-tipping_bucket_raingauge-t-15_min-mm,rainfall,mm,Tipping Bucket Raingauge
E14420,rainfall-tipping_bucket_raingauge-t-15_min-mm,rainfall,mm,Tipping Bucket Raingauge
E1976,rainfall-tipping_bucket_raingauge-t-15_min-mm,rainfall,mm,Tipping Bucket Raingauge
43201,rainfall-tipping_bucket_raingauge-t-15_min-mm,rainfall,mm,Tipping Bucket Raingauge
3779,rainfall-tipping_bucket_raingauge-t-15_min-mm,rainfall,mm,Tipping Bucket Raingauge
E43545,rainfall-tipping_bucket_raingauge-t-15_min-mm,rainfall,mm,Tipping Bucket Raingauge
E5731,rainfall-tipping_bucket_raingauge-t-1_h-mm,rainfall,mm,Tipping Bucket Raingauge
035103,rainfall-tipping_bucket_raingauge-t-15_min-mm,rainfall,mm,Tipping Bucket Raingauge
035103,rainfall-tipping_bucket_raingauge-i-15_min-mm,rainfall,mm,Tipping Bucket Raingauge
E5170,rainfall-tipping_bucket_raingauge-t-15_min-mm,rainfall,mm,Tipping Bucket Raingauge
1040,rainfall-tipping_bucket_raingauge-t-15_min-mm,rainfall,mm,Tipping Bucket Raingauge
574656,rainfall-tipping_bucket_raingauge-t-15_min-mm,rainfall,mm,Tipping Bucket Raingauge
E23440,rainfall-tipping_bucket_raingauge-t-15_min-mm,rainfall,mm,Tipping Bucket Raingauge
E24908,rainfall-tipping_bucket_raingauge-t-15_min-mm,rainfall,mm,Tipping Bucket Raingauge
039268,rainfall-tipping_bucket_raingauge-t-15_min-mm,rainfall,mm,Tipping Bucket Raingauge
592464,rainfall-tipping_bucket_raingauge-t-15_min-mm,rainfall,mm,Tipping Bucket Raingauge
014555,rainfall-tipping_bucket_raingauge-t-15_min-mm,rainfall,mm,Tipping Bucket Raingauge
1140,rainfall-tipping_bucket_raingauge-t-15_min-mm,rainfall,mm,Tipping Bucket Raingauge
1140,rainfall-tipping_bucket_raingauge-Event-Unspecified-mm,rainfall,mm,Tipping Bucket Raingauge
288092TP,rainfall-tipping_bucket_raingauge-t-15_min-mm,rainfall,mm,Tipping Bucket Raingauge
44132,rainfall-tipping_bucket_raingauge-t-15_min-mm,rainfall,mm,Tipping Bucket Raingauge
3771,rainfall-tipping_bucket_raingauge-t-15_min-mm,rainfall,mm,Tipping Bucket Raingauge
47112,rainfall-tipping_bucket_raingauge-t-15_min-mm,rainfall,mm,Tipping Bucket Raingauge
068416,rainfall-tipping_bucket_raingauge-t-15_min-mm,rainfall,mm,Tipping Bucket Raingauge
591419,rainfall-tipping_bucket_raingauge-t-15_min-mm,rainfall,mm,Tipping Bucket Raingauge
E24732,rainfall-tipping_bucket_raingauge-t-15_min-mm,rainfall,mm,Tipping Bucket Raingauge
569709,rainfall-tipping_bucket_raingauge-t-15_min-mm,rainfall,mm,Tipping Bucket Raingauge
50188,rainfall-tipping_bucket_raingauge-t-15_min-mm,rainfall,mm,Tipping Bucket Raingauge
45183,rainfall-tipping_bucket_raingauge-t-15_min-mm,rainfall,mm,Tipping Bucket Raingauge
3288,rainfall-tipping_bucket_raingauge-t-15_min-mm,rainfall,mm,Tipping Bucket Raingauge
46103,rainfall-tipping_bucket_raingauge-t-15_min-mm,rainfall,mm,Tipping Bucket Raingauge
E1966,rainfall-tipping_bucket_raingauge-t-15_min-mm,rainfall,mm,Tipping Bucket Raingauge
584772,rainfall-tipping_bucket_raingauge-t-15_min-mm,rainfall,mm,Tipping Bucket Raingauge
53111,rainfall-tipping_bucket_raingauge-t-15_min-mm,rainfall,mm,Tipping Bucket Raingauge
52149,rainfall-tipping_bucket_raingauge-t-15_min-mm,rainfall,mm,Tipping Bucket Raingauge
E24930,rainfall-tipping_bucket_raingauge-t-15_min-mm,rainfall,mm,Tipping Bucket Raingauge
E21602,rainfall-tipping_bucket_raingauge-t-15_min-mm,rainfall,mm,Tipping Bucket Raingauge
E8743,rainfall-tipping_bucket_raingauge-t-15_min-mm,rainfall,mm,Tipping Bucket Raingauge
E8743,rainfall-water-t-15_min-mm,rainfall,mm,Water
3571,rainfall-tipping_bucket_raingauge-t-15_min-mm,rainfall,mm,Tipping Bucket Raingauge
E5723,rainfall-tipping_bucket_raingauge-t-1_h-mm,rainfall,mm,Tipping Bucket Raingauge
E1606,rainfall-tipping_bucket_raingauge-t-15_min-mm,rainfall,mm,Tipping Bucket Raingauge
034091,rainfall-tipping_bucket_raingauge-t-15_min-mm,rainfall,mm,Tipping Bucket Raingauge
575335,rainfall-tipping_bucket_raingauge-t-15_min-mm,rainfall,mm,Tipping Bucket Raingauge
575335,rainfall-tipping_bucket_raingauge-Event-Unspecified-mm,rainfall,mm,Tipping Bucket Raingauge
605382,rainfall-tipping_bucket_raingauge-t-15_min-mm,rainfall,mm,Tipping Bucket Raingauge
E1716,rainfall-tipping_bucket_raingauge-t-15_min-mm,rainfall,mm,Tipping Bucket Raingauge
040492,rainfall-tipping_bucket_raingauge-t-15_min-mm,rainfall,mm,Tipping Bucket Raingauge
586898,rainfall-tipping_bucket_raingauge-t-15_min-mm,rainfall,mm,Tipping Bucket Raingauge
E14430,rainfall-tipping_bucket_raingauge-t-15_min-mm,rainfall,mm,Tipping Bucket Raingauge
45208,rainfall-tipping_bucket_raingauge-t-15_min-mm,rainfall,mm,Tipping Bucket Raingauge
1761,rainfall-tipping_bucket_raingauge-t-15_min-mm,rainfall,mm,Tipping Bucket Raingauge
3775,rainfall-tipping_bucket_raingauge-t-15_min-mm,rainfall,mm,Tipping Bucket Raingauge
1112,rainfall-tipping_bucket_raingauge-t-15_min-mm,rainfall,mm,Tipping Bucket Raingauge
600140,rainfall-tipping_bucket_raingauge-t-15_min-mm,rainfall,mm,Tipping Bucket Raingauge
48169,rainfall-tipping_bucket_raingauge-t-15_min-mm,rainfall,mm,Tipping Bucket Raingauge
53101,rainfall-tipping_bucket_raingauge-t-15_min-mm,rainfall,mm,Tipping Bucket Raingauge
E46331,rainfall-tipping_bucket_raingauge-t-15_min-mm,rainfall,mm,Tipping Bucket Raingauge
077336,rainfall-tipping_bucket_raingauge-t-15_min-mm,rainfall,mm,Tipping Bucket Raingauge
3201,rainfall-tipping_bucket_raingauge-t-15_min-mm,rainfall,mm,Tipping Bucket Raingauge
E24940,rainfall-tipping_bucket_raingauge-t-15_min-mm,rainfall,mm,Tipping Bucket Raingauge
51126,rainfall-tipping_bucket_raingauge-t-15_min-mm,rainfall,mm,Tipping Bucket Raingauge
E1980,rainfall-tipping_bucket_raingauge-t-15_min-mm,rainfall,mm,Tipping Bucket Raingauge
E5722,rainfall-tipping_bucket_raingauge-t-1_h-mm,rainfall,mm,Tipping Bucket Raingauge
E9660,rainfall-tipping_bucket_raingauge-t-15_min-mm,rainfall,mm,Tipping Bucket Raingauge
48157,rainfall-tipping_bucket_raingauge-t-15_min-mm,rainfall,mm,Tipping Bucket Raingauge
076413,rainfall-tipping_bucket_raingauge-t-15_min-mm,rainfall,mm,Tipping Bucket Raingauge
076413,rainfall-tipping_bucket_raingauge-i-15_min-mm,rainfall,mm,Tipping Bucket Raingauge
53103,rainfall-tipping_bucket_raingauge-t-15_min-mm,rainfall,mm,Tipping Bucket Raingauge
243543TP,rainfall-tipping_bucket_raingauge-t-15_min-mm,rainfall,mm,Tipping Bucket Raingauge
E2433,rainfall-tipping_bucket_raingauge-t-15_min-mm,rainfall,mm,Tipping Bucket Raingauge
286392TP,rainfall-tipping_bucket_raingauge-t-15_min-mm,rainfall,mm,Tipping Bucket Raingauge
078772,rainfall-tipping_bucket_raingauge-t-15_min-mm,rainfall,mm,Tipping Bucket Raingauge
46161,rainfall-tipping_bucket_raingauge-t-15_min-mm,rainfall,mm,Tipping Bucket Raingauge
563599,rainfall-tipping_bucket_raingauge-t-15_min-mm,rainfall,mm,Tipping Bucket Raingauge
E5733,rainfall-tipping_bucket_raingauge-t-1_h-mm,rainfall,mm,Tipping Bucket Raingauge
588705,rainfall-tipping_bucket_raingauge-t-15_min-mm,rainfall,mm,Tipping Bucket Raingauge
50101,rainfall-tipping_bucket_raingauge-t-15_min-mm,rainfall,mm,Tipping Bucket Raingauge
1771,rainfall-tipping_bucket_raingauge-t-15_min-mm,rainfall,mm,Tipping Bucket Raingauge
48159,rainfall-tipping_bucket_raingauge-t-15_min-mm,rainfall,mm,Tipping Bucket Raingauge
085960,rainfall-tipping_bucket_raingauge-t-15_min-mm,rainfall,mm,Tipping Bucket Raingauge
085960,rainfall-tipping_bucket_raingauge-i-15_min-mm,rainfall,mm,Tipping Bucket Raingauge
046222,rainfall-tipping_bucket_raingauge-t-15_min-mm,rainfall,mm,Tipping Bucket Raingauge
046222,rainfall-tipping_bucket_raingauge-i-15_min-mm,rainfall,mm,Tipping Bucket Raingauge
3198,rainfall-tipping_bucket_raingauge-t-15_min-mm,rainfall,mm,Tipping Bucket Raingauge
238944TP,rainfall-tipping_bucket_raingauge-t-15_min-mm,rainfall,mm,Tipping Bucket Raingauge
47106,rainfall-tipping_bucket_raingauge-t-15_min-mm,rainfall,mm,Tipping Bucket Raingauge
E46341,rainfall-tipping_bucket_raingauge-t-15_min-mm,rainfall,mm,Tipping Bucket Raingauge
E21870,rainfall-tipping_bucket_raingauge-t-15_min-mm,rainfall,mm,Tipping Bucket Raingauge
271491TP,rainfall-tipping_bucket_raingauge-t-15_min-mm,rainfall,mm,Tipping Bucket Raingauge
E911,rainfall-tipping_bucket_raingauge-t-15_min-mm,rainfall,mm,Tipping Bucket Raingauge
025878,rainfall-tipping_bucket_raingauge-t-15_min-mm,rainfall,mm,Tipping Bucket Raingauge
55000A,rainfall-tipping_bucket_raingauge-t-15_min-mm,rainfall,mm,Tipping Bucket Raingauge
E8020,rainfall-tipping_bucket_raingauge-t-15_min-mm,rainfall,mm,Tipping Bucket Raingauge
E8020,rainfall-water-t-15_min-mm,rainfall,mm,Water
E5732,rainfall-tipping_bucket_raingauge-t-1_h-mm,rainfall,mm,Tipping Bucket Raingauge
562656,rainfall-tipping_bucket_raingauge-t-15_min-mm,rainfall,mm,Tipping Bucket Raingauge
562656,rainfall-tipping_bucket_raingauge-t-15_min----,rainfall,---,Tipping Bucket Raingauge
E24632,rainfall-tipping_bucket_raingauge-t-15_min-mm,rainfall,mm,Tipping Bucket Raingauge
49101,rainfall-tipping_bucket_raingauge-t-15_min-mm,rainfall,mm,Tipping Bucket Raingauge
000182TP,rainfall-tipping_bucket_raingauge-t-15_min-mm,rainfall,mm,Tipping Bucket Raingauge
50111,rainfall-tipping_bucket_raingauge-t-15_min-mm,rainfall,mm,Tipping Bucket Raingauge
592158,rainfall-tipping_bucket_raingauge-t-15_min-mm,rainfall,mm,Tipping Bucket Raingauge
592158,rainfall-tipping_bucket_raingauge-t-15_min----,rainfall,---,Tipping Bucket Raingauge
E8030,rainfall-tipping_bucket_raingauge-t-15_min-mm,rainfall,mm,Tipping Bucket Raingauge
47144,rainfall-tipping_bucket_raingauge-t-15_min-mm,rainfall,mm,Tipping Bucket Raingauge
070365,rainfall-tipping_bucket_raingauge-t-15_min-mm,rainfall,mm,Tipping Bucket Raingauge
070365,rainfall-tipping_bucket_raingauge-i-15_min-mm,rainfall,mm,Tipping Bucket Raingauge
E22683,rainfall-tipping_bucket_raingauge-t-15_min-mm,rainfall,mm,Tipping Bucket Raingauge
E8290,rainfall-tipping_bucket_raingauge-t-15_min-mm,rainfall,mm,Tipping Bucket Raingauge
E5724,rainfall-tipping_bucket_raingauge-t-1_h-mm,rainfall,mm,Tipping Bucket Raingauge
000076TP,rainfall-tipping_bucket_raingauge-t-15_min-mm,rainfall,mm,Tipping Bucket Raingauge
270669TP,rainfall-tipping_bucket_raingauge-t-15_min-mm,rainfall,mm,Tipping Bucket Raingauge
3323,rainfall-tipping_bucket_raingauge-t-15_min-mm,rainfall,mm,Tipping Bucket Raingauge
50105,rainfall-tipping_bucket_raingauge-t-15_min-mm,rainfall,mm,Tipping Bucket Raingauge
000997,rainfall-tipping_bucket_raingauge-t-15_min-mm,rainfall,mm,Tipping Bucket Raingauge
45100,rainfall-tipping_bucket_raingauge-t-15_min-mm,rainfall,mm,Tipping Bucket Raingauge
47160,rainfall-tipping_bucket_raingauge-t-15_min-mm,rainfall,mm,Tipping Bucket Raingauge
47156,rainfall-tipping_bucket_raingauge-t-15_min-mm,rainfall,mm,Tipping Bucket Raingauge
576635,rainfall-tipping_bucket_raingauge-t-15_min-mm,rainfall,mm,Tipping Bucket Raingauge
E4850,rainfall-tipping_bucket_raingauge-t-15_min-mm,rainfall,mm,Tipping Bucket Raingauge
E24718,rainfall-tipping_bucket_raingauge-t-15_min-mm,rainfall,mm,Tipping Bucket Raingauge
475212_TG_354,rainfall-tipping_bucket_raingauge-t-15_min-mm,rainfall,mm,Tipping Bucket Raingauge
290578TP,rainfall-tipping_bucket_raingauge-t-15_min-mm,rainfall,mm,Tipping Bucket Raingauge
1747,rainfall-tipping_bucket_raingauge-t-15_min-mm,rainfall,mm,Tipping Bucket Raingauge
44201,rainfall-tipping_bucket_raingauge-t-15_min-mm,rainfall,mm,Tipping Bucket Raingauge
E24712,rainfall-tipping_bucket_raingauge-t-15_min-mm,rainfall,mm,Tipping Bucket Raingauge
006077,rainfall-tipping_bucket_raingauge-t-15_min-mm,rainfall,mm,Tipping Bucket Raingauge
006077,rainfall-tipping_bucket_raingauge-i-15_min-mm,rainfall,mm,Tipping Bucket Raingauge
51124,rainfall-tipping_bucket_raingauge-t-15_min-mm,rainfall,mm,Tipping Bucket Raingauge
E24141,rainfall-2-t-15_min-mm,rainfall,mm,2
531179,rainfall-tipping_bucket_raingauge-t-15_min-mm,rainfall,mm,Tipping Bucket Raingauge
3096,rainfall-tipping_bucket_raingauge-t-15_min-mm,rainfall,mm,Tipping Bucket Raingauge
246726TP,rainfall-tipping_bucket_raingauge-t-15_min-mm,rainfall,mm,Tipping Bucket Raingauge
054371,rainfall-tipping_bucket_raingauge-t-15_min-mm,rainfall,mm,Tipping Bucket Raingauge
E8040,rainfall-tipping_bucket_raingauge-t-15_min-mm,rainfall,mm,Tipping Bucket Raingauge
47164,rainfall-tipping_bucket_raingauge-t-15_min-mm,rainfall,mm,Tipping Bucket Raingauge
562811,rainfall-tipping_bucket_raingauge-t-15_min-mm,rainfall,mm,Tipping Bucket Raingauge
46151,rainfall-tipping_bucket_raingauge-t-15_min-mm,rainfall,mm,Tipping Bucket Raingauge
E2527,rainfall-tipping_bucket_raingauge-t-15_min-mm,rainfall,mm,Tipping Bucket Raingauge
3604,rainfall-tipping_bucket_raingauge-t-15_min-mm,rainfall,mm,Tipping Bucket Raingauge
E3474,rainfall-tipping_bucket_raingauge-t-15_min-mm,rainfall,mm,Tipping Bucket Raingauge
E46361,rainfall-tipping_bucket_raingauge-t-15_min-mm,rainfall,mm,Tipping Bucket Raingauge
E22335,rainfall-tipping_bucket_raingauge-t-15_min-mm,rainfall,mm,Tipping Bucket Raingauge
E3220,rainfall-tipping_bucket_raingauge-t-15_min-mm,rainfall,mm,Tipping Bucket Raingauge
46107,rainfall-tipping_bucket_raingauge-t-15_min-mm,rainfall,mm,Tipping Bucket Raingauge
E24854,rainfall-tipping_bucket_raingauge-t-15_min-mm,rainfall,mm,Tipping Bucket Raingauge
E24499,rainfall-tipping_bucket_raingauge-t-15_min-mm,rainfall,mm,Tipping Bucket Raingauge
45204,rainfall-tipping_bucket_raingauge-t-15_min-mm,rainfall,mm,Tipping Bucket Raingauge
237740TP,rainfall-tipping_bucket_raingauge-t-15_min-mm,rainfall,mm,Tipping Bucket Raingauge
043533,rainfall-tipping_bucket_raingauge-t-15_min-mm,rainfall,mm,Tipping Bucket Raingauge
E5720,rainfall-tipping_bucket_raingauge-t-1_h-mm,rainfall,mm,Tipping Bucket Raingauge
48102,rainfall-tipping_bucket_raingauge-t-15_min-mm,rainfall,mm,Tipping Bucket Raingauge
613905,rainfall-tipping_bucket_raingauge-t-15_min-mm,rainfall,mm,Tipping Bucket Raingauge
054604,rainfall-tipping_bucket_raingauge-t-15_min-mm,rainfall,mm,Tipping Bucket Raingauge
53113,rainfall-tipping_bucket_raingauge-t-15_min-mm,rainfall,mm,Tipping Bucket Raingauge
279941TP,rainfall-tipping_bucket_raingauge-t-15_min-mm,rainfall,mm,Tipping Bucket Raingauge
E26212,rainfall-tipping_bucket_raingauge-t-15_min-mm,rainfall,mm,Tipping Bucket Raingauge
3347,rainfall-tipping_bucket_raingauge-t-15_min-mm,rainfall,mm,Tipping Bucket Raingauge
50109,rainfall-tipping_bucket_raingauge-t-15_min-mm,rainfall,mm,Tipping Bucket Raingauge
000180TP,rainfall-tipping_bucket_raingauge-t-15_min-mm,rainfall,mm,Tipping Bucket Raingauge
569323,rainfall-tipping_bucket_raingauge-t-15_min-mm,rainfall,mm,Tipping Bucket Raingauge
000028,rainfall-tipping_bucket_raingauge-t-15_min-mm,rainfall,mm,Tipping Bucket Raingauge
1086,rainfall-tipping_bucket_raingauge-t-15_min-mm,rainfall,mm,Tipping Bucket Raingauge
E7260,rainfall-tipping_bucket_raingauge-t-15_min-mm,rainfall,mm,Tipping Bucket Raingauge
582970,rainfall-tipping_bucket_raingauge-t-15_min-mm,rainfall,mm,Tipping Bucket Raingauge
48103,rainfall-tipping_bucket_raingauge-t-15_min-mm,rainfall,mm,Tipping Bucket Raingauge
49147,rainfall-tipping_bucket_raingauge-t-15_min-mm,rainfall,mm,Tipping Bucket Raingauge
46167,rainfall-tipping_bucket_raingauge-t-15_min-mm,rainfall,mm,Tipping Bucket Raingauge
E7190,rainfall-tipping_bucket_raingauge-t-15_min-mm,rainfall,mm,Tipping Bucket Raingauge
E7190,rainfall-tipping_bucket_raingauge-t-15_min-mm,rainfall,mm,Tipping Bucket Raingauge
588886,rainfall-tipping_bucket_raingauge-t-15_min-mm,rainfall,mm,Tipping Bucket Raingauge
45184,rainfall-tipping_bucket_raingauge-t-15_min-mm,rainfall,mm,Tipping Bucket Raingauge
45108_,rainfall-tipping_bucket_raingauge-t-15_min-mm,rainfall,mm,Tipping Bucket Raingauge
E1711,rainfall-tipping_bucket_raingauge-t-15_min-mm,rainfall,mm,Tipping Bucket Raingauge
558844,rainfall-tipping_bucket_raingauge-t-15_min-mm,rainfall,mm,Tipping Bucket Raingauge
45185,rainfall-tipping_bucket_raingauge-t-15_min-mm,rainfall,mm,Tipping Bucket Raingauge
E2400,rainfall-water-t-15_min-mm,rainfall,mm,Water
E2400,rainfall-tipping_bucket_raingauge-t-15_min-mm,rainfall,mm,Tipping Bucket Raingauge
2705SO,rainfall-water-t-15_min-mm,rainfall,mm,Water
035024NE,rainfall-tipping_bucket_raingauge-t-15_min-mm,rainfall,mm,Tipping Bucket Raingauge
035024NE,rainfall-tipping_bucket_raingauge-i-15_min-mm,rainfall,mm,Tipping Bucket Raingauge
588006,rainfall-tipping_bucket_raingauge-t-15_min-mm,rainfall,mm,Tipping Bucket Raingauge
588006,rainfall-tipping_bucket_raingauge-Cumulative_Total-15_min-mm,rainfall,mm,Tipping Bucket Raingauge
270397,rainfall-tipping_bucket_raingauge-t-15_min-mm,rainfall,mm,Tipping Bucket Raingauge
604742,rainfall-tipping_bucket_raingauge-t-15_min-mm,rainfall,mm,Tipping Bucket Raingauge
46168,rainfall-tipping_bucket_raingauge-t-15_min-mm,rainfall,mm,Tipping Bucket Raingauge
577794,rainfall-tipping_bucket_raingauge-t-15_min-mm,rainfall,mm,Tipping Bucket Raingauge
4527,rainfall-tipping_bucket_raingauge-t-15_min-mm,rainfall,mm,Tipping Bucket Raingauge
3642,rainfall-tipping_bucket_raingauge-t-15_min-mm,rainfall,mm,Tipping Bucket Raingauge
305111,rainfall-tipping_bucket_raingauge-Event-Unspecified-mm,rainfall,mm,Tipping Bucket Raingauge
305111,rainfall-tipping_bucket_raingauge-t-15_min-mm,rainfall,mm,Tipping Bucket Raingauge
6666LO,rainfall-tipping_bucket_raingauge-t-15_min-mm,rainfall,mm,Tipping Bucket Raingauge
,rainfall-tipping_bucket_raingauge-i-15_min-mm,rainfall,mm,Tipping Bucket Raingauge
562992_,rainfall-tipping_bucket_raingauge-t-15_min-mm,rainfall,mm,Tipping Bucket Raingauge
510001,rainfall-tipping_bucket_raingauge-t-15_min-mm,rainfall,mm,Tipping Bucket Raingauge
46169,rainfall-tipping_bucket_raingauge-t-15_min-mm,rainfall,mm,Tipping Bucket Raingauge
45186,rainfall-tipping_bucket_raingauge-t-15_min-mm,rainfall,mm,Tipping Bucket Raingauge
1409Lucas,rainfall-tipping_bucket_raingauge-t-15_min-mm,rainfall,mm,Tipping Bucket Raingauge
4549,rainfall-tipping_bucket_raingauge-t-15_min-mm,rainfall,mm,Tipping Bucket Raingauge
4548,rainfall-tipping_bucket_raingauge-t-15_min-mm,rainfall,mm,Tipping Bucket Raingauge
301666,rainfall-tipping_bucket_raingauge-t-15_min-mm,rainfall,mm,Tipping Bucket Raingauge
E5650,rainfall-tipping_bucket_raingauge-t-15_min-mm,rainfall,mm,Tipping Bucket Raingauge
1112,rainfall-tipping_bucket_raingauge-Event-Unspecified-mm,rainfall,mm,Tipping Bucket Raingauge
E2561,rainfall-tipping_bucket_raingauge-t-15_min-mm,rainfall,mm,Tipping Bucket Raingauge
E21326,rainfall-tipping_bucket_raingauge-t-15_min-mm,rainfall,mm,Tipping Bucket Raingauge
E22268,rainfall-tipping_bucket_raingauge-t-15_min-mm,rainfall,mm,Tipping Bucket Raingauge
7015,rainfall-tipping_bucket_raingauge-t-15_min-mm,rainfall,mm,Tipping Bucket Raingauge
1607,rainfall-tipping_bucket_raingauge-t-15_min-mm,rainfall,mm,Tipping Bucket Raingauge
1606,rainfall-tipping_bucket_raingauge-t-15_min-mm,rainfall,mm,Tipping Bucket Raingauge
1606,rainfall-logged-Event-Unspecified-mm,rainfall,mm,Logged
47176,rainfall-tipping_bucket_raingauge-t-15_min-mm,rainfall,mm,Tipping Bucket Raingauge
1338,rainfall-tipping_bucket_raingauge-t-15_min-mm,rainfall,mm,Tipping Bucket Raingauge
1750,rainfall-tipping_bucket_raingauge-t-15_min-mm,rainfall,mm,Tipping Bucket Raingauge
1810,rainfall-tipping_bucket_raingauge-t-15_min-mm,rainfall,mm,Tipping Bucket Raingauge
1408,rainfall-tipping_bucket_raingauge-t-15_min-mm,rainfall,mm,Tipping Bucket Raingauge
1023SE,rainfall-tipping_bucket_raingauge-t-15_min-mm,rainfall,mm,Tipping Bucket Raingauge
593362,rainfall-tipping_bucket_raingauge-t-15_min-mm,rainfall,mm,Tipping Bucket Raingauge
0744SE,rainfall-tipping_bucket_raingauge-t-15_min-mm,rainfall,mm,Tipping Bucket Raingauge
DH112233,rainfall-water-Event-Unspecified-mm,rainfall,mm,Water
0925SE,rainfall-tipping_bucket_raingauge-t-15_min-mm,rainfall,mm,Tipping Bucket Raingauge
0924SE,rainfall-tipping_bucket_raingauge-t-15_min-mm,rainfall,mm,Tipping Bucket Raingauge
563170,rainfall-tipping_bucket_raingauge-t-15_min-mm,rainfall,mm,Tipping Bucket Raingauge
1822SO,rainfall-tipping_bucket_raingauge-t-15_min-mm,rainfall,mm,Tipping Bucket Raingauge
Coldw1,rainfall-tipping_bucket_raingauge-t-15_min-mm,rainfall,mm,Tipping Bucket Raingauge
Mitch1,rainfall-tipping_bucket_raingauge-t-15_min-mm,rainfall,mm,Tipping Bucket Raingauge
Edgeh1,rainfall-tipping_bucket_raingauge-t-15_min-mm,rainfall,mm,Tipping Bucket Raingauge
582191,rainfall-tipping_bucket_raingauge-t-15_min-mm,rainfall,mm,Tipping Bucket Raingauge
579623,rainfall-tipping_bucket_raingauge-t-15_min-mm,rainfall,mm,Tipping Bucket Raingauge
EdgeH1,rainfall-tipping_bucket_raingauge-t-15_min-mm,rainfall,mm,Tipping Bucket Raingauge
45268,rainfall-tipping_bucket_raingauge-t-15_min-mm,rainfall,mm,Tipping Bucket Raingauge
Dubbs1,rainfall-tipping_bucket_raingauge-t-15_min-mm,rainfall,mm,Tipping Bucket Raingauge
585122_,rainfall-tipping_bucket_raingauge-t-15_min-mm,rainfall,mm,Tipping Bucket Raingauge
019271,rainfall-tipping_bucket_raingauge-t-15_min-mm,rainfall,mm,Tipping Bucket Raingauge
019271,rainfall-tipping_bucket_raingauge-i-15_min-mm,rainfall,mm,Tipping Bucket Raingauge
E42297,rainfall-tipping_bucket_raingauge-t-15_min-mm,rainfall,mm,Tipping Bucket Raingauge
1930,rainfall-tipping_bucket_raingauge-t-15_min-mm,rainfall,mm,Tipping Bucket Raingauge
2102SO,rainfall-water-t-15_min-mm,rainfall,mm,Water
294323,rainfall-water-t-15_min-mm,rainfall,mm,Water
017220,rainfall-tipping_bucket_raingauge-t-15_min-mm,rainfall,mm,Tipping Bucket Raingauge
017220,rainfall-tipping_bucket_raingauge-i-15_min-mm,rainfall,mm,Tipping Bucket Raingauge
380002TP,rainfall-tipping_bucket_raingauge-t-15_min-mm,rainfall,mm,Tipping Bucket Raingauge
551440,rainfall-tipping_bucket_raingauge-t-15_min----,rainfall,---,Tipping Bucket Raingauge
564154,rainfall-tipping_bucket_raingauge-t-15_min----,rainfall,---,Tipping Bucket Raingauge
463589,rainfall-tipping_bucket_raingauge-t-15_min-mm,rainfall,mm,Tipping Bucket Raingauge
E25173,rainfall-tipping_bucket_raingauge-t-15_min-mm,rainfall,mm,Tipping Bucket Raingauge
E48676,rainfall-tipping_bucket_raingauge-t-15_min-mm,rainfall,mm,Tipping Bucket Raingauge
585122,rainfall-tipping_bucket_raingauge-t-15_min-mm,rainfall,mm,Tipping Bucket Raingauge
0323SO,rainfall-tipping_bucket_raingauge-t-15_min-mm,rainfall,mm,Tipping Bucket Raingauge
340767,rainfall-tipping_bucket_raingauge-t-15_min-mm,rainfall,mm,Tipping Bucket Raingauge
604142,rainfall-tipping_bucket_raingauge-t-15_min-mm,rainfall,mm,Tipping Bucket Raingauge
E82080,rainfall-tipping_bucket_raingauge-t-15_min-mm,rainfall,mm,Tipping Bucket Raingauge
605543,rainfall-tipping_bucket_raingauge-t-15_min-mm,rainfall,mm,Tipping Bucket Raingauge
605543,rainfall-tipping_bucket_raingauge-Cumulative_Total-15_min-mm,rainfall,mm,Tipping Bucket Raingauge
E82120,rainfall-tipping_bucket_raingauge-t-15_min-mm,rainfall,mm,Tipping Bucket Raingauge
575092______________________________________,rainfall-tipping_bucket_raingauge-t-15_min-mm,rainfall,mm,Tipping Bucket Raingauge
574786______________________________________,rainfall-tipping_bucket_raingauge-t-15_min-mm,rainfall,mm,Tipping Bucket Raingauge
015313,rainfall-tipping_bucket_raingauge-t-15_min-mm,rainfall,mm,Tipping Bucket Raingauge
NelsonGC,rainfall-tipping_bucket_raingauge-t-15_min-mm,rainfall,mm,Tipping Bucket Raingauge
575092,rainfall-tipping_bucket_raingauge-t-15_min-mm,rainfall,mm,Tipping Bucket Raingauge
E82920,rainfall-1-t-15_min-mm,rainfall,mm,1
E82960,rainfall-1-t-15_min-mm,rainfall,mm,1
1775,rainfall-tipping_bucket_raingauge-t-15_min-mm,rainfall,mm,Tipping Bucket Raingauge
E84540,rainfall-tipping_bucket_raingauge-t-15_min-mm,rainfall,mm,Tipping Bucket Raingauge
E84360,rainfall-tipping_bucket_raingauge-t-15_min-mm,rainfall,mm,Tipping Bucket Raingauge
E82040,rainfall-tipping_bucket_raingauge-t-15_min-mm,rainfall,mm,Tipping Bucket Raingauge
E84500,rainfall-tipping_bucket_raingauge-t-15_min-mm,rainfall,mm,Tipping Bucket Raingauge
062916,rainfall-tipping_bucket_raingauge-t-15_min-mm,rainfall,mm,Tipping Bucket Raingauge
024121,rainfall-tipping_bucket_raingauge-t-15_min-mm,rainfall,mm,Tipping Bucket Raingauge
024121,rainfall-tipping_bucket_raingauge-i-15_min-mm,rainfall,mm,Tipping Bucket Raingauge
574786,rainfall-tipping_bucket_raingauge-t-15_min-mm,rainfall,mm,Tipping Bucket Raingauge
1772,rainfall-tipping_bucket_raingauge-t-15_min-mm,rainfall,mm,Tipping Bucket Raingauge
3339,rainfall-tipping_bucket_raingauge-t-15_min-mm,rainfall,mm,Tipping Bucket Raingauge
592850,rainfall-tipping_bucket_raingauge-t-15_min-mm,rainfall,mm,Tipping Bucket Raingauge
075497,rainfall-tipping_bucket_raingauge-t-15_min-mm,rainfall,mm,Tipping Bucket Raingauge
075497,rainfall-tipping_bucket_raingauge-i-15_min-mm,rainfall,mm,Tipping Bucket Raingauge
585160,rainfall-tipping_bucket_raingauge-t-15_min-mm,rainfall,mm,Tipping Bucket Raingauge
14880,rainfall-water-t-15_min-mm,rainfall,mm,Water
540001RG,rainfall-tipping_bucket_raingauge-t-15_min-mm,rainfall,mm,Tipping Bucket Raingauge
Egerton1,rainfall-tipping_bucket_raingauge-t-15_min-mm,rainfall,mm,Tipping Bucket Raingauge
605324,rainfall-tipping_bucket_raingauge-t-15_min-mm,rainfall,mm,Tipping Bucket Raingauge
E60880,rainfall-tipping_bucket_raingauge-t-15_min-mm,rainfall,mm,Tipping Bucket Raingauge
E85220,rainfall-tipping_bucket_raingauge-t-15_min-mm,rainfall,mm,Tipping Bucket Raingauge
E82840,rainfall-tipping_bucket_raingauge-t-15_min-mm,rainfall,mm,Tipping Bucket Raingauge
NE063,rainfall-tipping_bucket_raingauge-t-15_min-mm,rainfall,mm,Tipping Bucket Raingauge
Greens1,rainfall-tipping_bucket_raingauge-t-15_min-mm,rainfall,mm,Tipping Bucket Raingauge
E82880,rainfall-tipping_bucket_raingauge-t-15_min-mm,rainfall,mm,Tipping Bucket Raingauge
3340,rainfall-tipping_bucket_raingauge-i-15_min-mm,rainfall,mm,Tipping Bucket Raingauge
3340,rainfall-tipping_bucket_raingauge-t-15_min-mm,rainfall,mm,Tipping Bucket Raingauge
266474TP_TEMPNo,rainfall-tipping_bucket_raingauge-t-15_min-mm,rainfall,mm,Tipping Bucket Raingauge
290320,rainfall-tipping_bucket_raingauge-t-15_min-mm,rainfall,mm,Tipping Bucket Raingauge
603315,rainfall-tipping_bucket_raingauge-Event-Unspecified-mm,rainfall,mm,Tipping Bucket Raingauge
598145,rainfall-tipping_bucket_raingauge-t-15_min-mm,rainfall,mm,Tipping Bucket Raingauge
569723,rainfall-tipping_bucket_raingauge-t-15_min-mm,rainfall,mm,Tipping Bucket Raingauge
1403SE,rainfall-water-t-15_min-mm,rainfall,mm,Water
1403SE,rainfall-tipping_bucket_raingauge-t-15_min-mm,rainfall,mm,Tipping Bucket Raingauge
574656,rainfall-logged-Cumulative_Total-15_min-mm,rainfall,mm,Logged
574656,rainfall-tipping_bucket_raingauge-Event-Unspecified-mm,rainfall,mm,Tipping Bucket Raingauge
E71440,rainfall-tipping_bucket_raingauge-t-15_min-mm,rainfall,mm,Tipping Bucket Raingauge
E83440,rainfall-tipping_bucket_raingauge-t-15_min-mm,rainfall,mm,Tipping Bucket Raingauge
442790,rainfall-tipping_bucket_raingauge-t-15_min-mm,rainfall,mm,Tipping Bucket Raingauge
E83400,rainfall-tipping_bucket_raingauge-t-15_min-mm,rainfall,mm,Tipping Bucket Raingauge
558975,rainfall-tipping_bucket_raingauge-t-15_min-mm,rainfall,mm,Tipping Bucket Raingauge
600295,rainfall-tipping_bucket_raingauge-t-15_min-mm,rainfall,mm,Tipping Bucket Raingauge
E6340,rainfall-tipping_bucket_raingauge-t-15_min-mm,rainfall,mm,Tipping Bucket Raingauge
E99682,rainfall-tipping_bucket_raingauge-t-1_h-mm,rainfall,mm,Tipping Bucket Raingauge
266523,rainfall-tipping_bucket_raingauge-t-15_min-mm,rainfall,mm,Tipping Bucket Raingauge
247564,rainfall-tipping_bucket_raingauge-t-15_min-mm,rainfall,mm,Tipping Bucket Raingauge
082673,rainfall-tipping_bucket_raingauge-i-15_min-mm,rainfall,mm,Tipping Bucket Raingauge
082673,rainfall-tipping_bucket_raingauge-t-15_min-mm,rainfall,mm,Tipping Bucket Raingauge
282751,rainfall-tipping_bucket_raingauge-t-15_min-mm,rainfall,mm,Tipping Bucket Raingauge
282751,rainfall-water-t-15_min-mm,rainfall,mm,Water
E40764,rainfall-2-t-15_min-mm,rainfall,mm,2
E7940,rainfall-tipping_bucket_raingauge-t-15_min-mm,rainfall,mm,Tipping Bucket Raingauge
E7970,rainfall-tipping_bucket_raingauge-t-15_min-mm,rainfall,mm,Tipping Bucket Raingauge
E14620,rainfall-tipping_bucket_raingauge-t-15_min-mm,rainfall,mm,Tipping Bucket Raingauge
0422SO,rainfall-water-t-15_min-mm,rainfall,mm,Water
0422SO,rainfall-tipping_bucket_raingauge-t-15_min-mm,rainfall,mm,Tipping Bucket Raingauge
13341,rainfall-tipping_bucket_raingauge-t-15_min-mm,rainfall,mm,Tipping Bucket Raingauge
1221,rainfall-tipping_bucket_raingauge-t-15_min-mm,rainfall,mm,Tipping Bucket Raingauge
1765,rainfall-tipping_bucket_raingauge-t-15_min-mm,rainfall,mm,Tipping Bucket Raingauge
476898,rainfall-tipping_bucket_raingauge-t-15_min-mm,rainfall,mm,Tipping Bucket Raingauge
05973,rainfall-tipping_bucket_raingauge-i-15_min-mm,rainfall,mm,Tipping Bucket Raingauge
05973,rainfall-tipping_bucket_raingauge-t-15_min-mm,rainfall,mm,Tipping Bucket Raingauge
064280,rainfall-tipping_bucket_raingauge-t-15_min-mm,rainfall,mm,Tipping Bucket Raingauge
NE040,rainfall-tipping_bucket_raingauge-i-15_min-mm,rainfall,mm,Tipping Bucket Raingauge
074740,rainfall-tipping_bucket_raingauge-t-15_min-mm,rainfall,mm,Tipping Bucket Raingauge
296705,rainfall-water-t-15_min----,rainfall,---,Water
296705,rainfall-water-t-15_min-mm,rainfall,mm,Water
084532,rainfall-tipping_bucket_raingauge-i-15_min-m,rainfall,m,Tipping Bucket Raingauge
NE024,rainfall-tipping_bucket_raingauge-i-15_min-mm,rainfall,mm,Tipping Bucket Raingauge
NE024,rainfall-tipping_bucket_raingauge-t-15_min-mm,rainfall,mm,Tipping Bucket Raingauge
B23653,rainfall-water-t-15_min-mm,rainfall,mm,Water
077800,rainfall-tipping_bucket_raingauge-i-15_min-mm,rainfall,mm,Tipping Bucket Raingauge
056505,rainfall-tipping_bucket_raingauge-i-15_min-mm,rainfall,mm,Tipping Bucket Raingauge
E24141,rainfall-tipping_bucket_raingauge-t-15_min-mm,rainfall,mm,Tipping Bucket Raingauge
E23205,rainfall-tipping_bucket_raingauge-t-15_min----,rainfall,---,Tipping Bucket Raingauge
254336TP,rainfall-tipping_bucket_raingauge-t-15_min-V,rainfall,V,Tipping Bucket Raingauge
47158_,rainfall-tipping_bucket_raingauge-t-15_min-mm,rainfall,mm,Tipping Bucket Raingauge
013553,rainfall-tipping_bucket_raingauge-i-15_min-mm,rainfall,mm,Tipping Bucket Raingauge
036225,rainfall-tipping_bucket_raingauge-i-15_min-mm,rainfall,mm,Tipping Bucket Raingauge
008632,rainfall-tipping_bucket_raingauge-i-15_min-mm,rainfall,mm,Tipping Bucket Raingauge
B23653,rainfall-water-t-15_min-mAOD,rainfall,mAOD,Water
BLAXHA,rainfall-tipping_bucket_raingauge-t-15_min-mm,rainfall,mm,Tipping Bucket Raingauge
FELIXR,rainfall-tipping_bucket_raingauge-Event-15_min-mm,rainfall,mm,Tipping Bucket Raingauge
206065,rainfall-tipping_bucket_raingauge-t-15_min-mm,rainfall,mm,Tipping Bucket Raingauge
E49601,rainfall-tipping_bucket_raingauge-t-15_min-mm,rainfall,mm,Tipping Bucket Raingauge
063028,rainfall-tipping_bucket_raingauge-i-15_min-mm,rainfall,mm,Tipping Bucket Raingauge
DEBENR,rainfall-tipping_bucket_raingauge-t-15_min-mm,rainfall,mm,Tipping Bucket Raingauge
531184,rainfall-tipping_bucket_raingauge-t-15_min-mm,rainfall,mm,Tipping Bucket Raingauge
531184,rainfall-tipping_bucket_raingauge-Event-Unspecified-mm,rainfall,mm,Tipping Bucket Raingauge
083282,rainfall-tipping_bucket_raingauge-i-15_min-mm,rainfall,mm,Tipping Bucket Raingauge
074108,rainfall-tipping_bucket_raingauge-i-15_min-mm,rainfall,mm,Tipping Bucket Raingauge
080194,rainfall-tipping_bucket_raingauge-i-15_min-mm,rainfall,mm,Tipping Bucket Raingauge
074329,rainfall-tipping_bucket_raingauge-i-15_min-mm,rainfall,mm,Tipping Bucket Raingauge
169228,rainfall-tipping_bucket_raingauge-t-15_min-mm,rainfall,mm,Tipping Bucket Raingauge
E82920,rainfall-tipping_bucket_raingauge-t-15_min-mm,rainfall,mm,Tipping Bucket Raingauge
E24908,rainfall-tipping_bucket_raingauge-t-15_min-V,rainfall,V,Tipping Bucket Raingauge
048718,rainfall-tipping_bucket_raingauge-i-15_min-mm,rainfall,mm,Tipping Bucket Raingauge
023839,rainfall-3-i-15_min-mm,rainfall,mm,3
